name,cost,champName,skinType,skinLine,date
"Debonair Brand",1350,brand,,"debonair","December 9, 2021"
"Debonair Brand Prestige Edition",,brand,Limited Edition,"debonair-prestige-edition","December 9, 2021"
"Debonair Zed",1820,zed,Legendary,"debonair","December 9, 2021"
"Debonair Draven",1350,draven,,"debonair","December 9, 2021"
"Debonair Leona",1350,leona,,"debonair","December 9, 2021"
"Debonair Master Yi",1350,master-yi,,"debonair","December 9, 2021"
"Debonair LeBlanc",1350,leblanc,,"debonair","December 9, 2021"
"Debonair Malzahar",1350,malzahar,,"debonair","December 9, 2021"
"Arcane Jinx",,jinx,Special Events,"arcane","November 24, 2021"
"Arcane Caitlyn",,caitlyn,Special Events,"arcane","November 22, 2021"
"Cafe Cuties Annie",1350,annie,,"cafe-cuties","November 17, 2021"
"Cafe Cuties Gwen",1350,gwen,,"cafe-cuties","November 17, 2021"
"Cafe Cuties Soraka",1350,soraka,,"cafe-cuties","November 17, 2021"
"Cafe Cuties Sivir",1350,sivir,,"cafe-cuties","November 17, 2021"
"Cafe Cuties Bard",1350,bard,,"cafe-cuties","November 17, 2021"
"Cafe Cuties Vladimir",1350,vladimir,,"cafe-cuties","November 17, 2021"
"Victorious Blitzcrank",,blitzcrank,Special Events,"victorious","November 16, 2021"
"Arcane Vi",,vi,Special Events,"arcane","November 15, 2021"
"Arcane Jayce",,jayce,Special Events,"arcane","November 8, 2021"
"Truth Dragon Yasuo",1820,yasuo,Legendary,"truth-dragon","October 21, 2021"
"Dream Dragon Yasuo",1820,yasuo,Legendary,"dream-dragon","October 21, 2021"
"Lagoon Dragon Kai'Sa",1350,kaisa,,"lagoon-dragon","October 21, 2021"
"Steel Dragon Thresh",1350,thresh,,"steel-dragon","October 21, 2021"
"Tranquility Dragon Karma",1350,karma,,"tranquility-dragon","October 21, 2021"
"Duality Dragon Volibear",1350,volibear,,"duality-dragon","October 21, 2021"
"Duality Dragon Volibear Prestige Edition",,volibear,Limited Edition,"duality-dragon-prestige-edition","October 21, 2021"
"Bewitching Fiora",1350,fiora,Special Events,"bewitching","October 7, 2021"
"Bewitching Syndra",1350,syndra,Special Events,"bewitching","October 7, 2021"
"Bewitching Poppy",1350,poppy,Special Events,"bewitching","October 7, 2021"
"Bewitching Nami",1350,nami,Special Events,"bewitching","October 7, 2021"
"Bewitching Yuumi",1350,yuumi,Special Events,"bewitching","October 7, 2021"
"Bewitching Morgana Prestige Edition",,morgana,Limited Edition,"bewitching-prestige-edition","October 7, 2021"
"Dawnbringer Vex",1350,vex,,"dawnbringer","September 23, 2021"
"Dawnbringer Morgana",1350,morgana,,"dawnbringer","September 23, 2021"
"Dawnbringer Yone",1820,yone,Legendary,"dawnbringer","September 23, 2021"
"Nightbringer Tryndamere",1350,tryndamere,,"nightbringer","September 23, 2021"
"Nightbringer Lillia",1350,lillia,,"nightbringer","September 23, 2021"
"Nightbringer Kayn",1350,kayn,,"nightbringer","September 23, 2021"
"Nightbringer Kayn Prestige Edition",,kayn,Limited Edition,"nightbringer-prestige-edition","September 23, 2021"
"Worlds 2021 Jarvan IV",1350,jarvan-iv,Special Events,"worlds-2021","September 23, 2021"
"Pentakill III: Lost Chapter Yorick",1350,yorick,,"pentakill-iii-lost-chapter","September 9, 2021"
"Pentakill III: Lost Chapter Mordekaiser",1350,mordekaiser,,"pentakill-iii-lost-chapter","September 9, 2021"
"Pentakill III: Lost Chapter Olaf",1350,olaf,,"pentakill-iii-lost-chapter","September 9, 2021"
"Pentakill III: Lost Chapter Karthus",1350,karthus,,"pentakill-iii-lost-chapter","September 9, 2021"
"Pentakill III: Lost Chapter Kayle",1350,kayle,,"pentakill-iii-lost-chapter","September 9, 2021"
"Pentakill III: Lost Chapter Sona",1350,sona,,"pentakill-iii-lost-chapter","September 9, 2021"
"Dissonance of Pentakill Viego",1350,viego,,"dissonance-of-pentakill","September 9, 2021"
"Hextech Tristana",,tristana,Hextech Crafting,"hextech","September 9, 2021"
"Brave Phoenix Xayah",1350,xayah,,"brave-phoenix","September 2, 2021"
"Divine Phoenix Anivia",1350,anivia,,"divine-phoenix","September 2, 2021"
"Graceful Phoenix Seraphine",1350,seraphine,,"graceful-phoenix","September 2, 2021"
"Crime City Nightmare Akali",1350,akali,,"crime-city-nightmare","August 26, 2021"
"Crime City Nightmare Shaco",1350,shaco,,"crime-city-nightmare","August 26, 2021"
"Crime City Nightmare Twisted Fate",1350,twisted-fate,,"crime-city-nightmare","August 26, 2021"
"Crime City Nightmare Darius",1350,darius,,"crime-city-nightmare","August 26, 2021"
"Crime City Nightmare Zyra",1350,zyra,,"crime-city-nightmare","August 26, 2021"
"Coven Evelynn",1820,evelynn,Legendary,"coven","August 12, 2021"
"Old God Malphite",1350,malphite,,"old-god","August 12, 2021"
"Old God Warwick",1350,warwick,,"old-god","August 12, 2021"
"Coven Cassiopeia",1350,cassiopeia,,"coven","August 12, 2021"
"Coven Ahri",1350,ahri,,"coven","August 12, 2021"
"Coven Ashe",1350,ashe,,"coven","August 12, 2021"
"Coven LeBlanc Prestige Edition",,leblanc,Limited Edition,"coven-prestige-edition","August 12, 2021"
"Unbound Thresh",,thresh,,"unbound","July 29, 2021"
"Cyber Pop Akshan",1350,akshan,,"cyber-pop","July 22, 2021"
"Ruined Miss Fortune",1350,miss-fortune,,"ruined","July 22, 2021"
"Sentinel Pyke",1350,pyke,,"sentinel","July 22, 2021"
"Sentinel Graves",1820,graves,Legendary,"sentinel","July 22, 2021"
"Sentinel Rengar",1350,rengar,,"sentinel","July 22, 2021"
"Sentinel Vayne",1820,vayne,Legendary,"sentinel","July 8, 2021"
"Sentinel Irelia",1350,irelia,,"sentinel","July 8, 2021"
"Sentinel Diana",1350,diana,,"sentinel","July 8, 2021"
"Sentinel Riven",1350,riven,,"sentinel","July 8, 2021"
"Sentinel Olaf",1350,olaf,,"sentinel","July 8, 2021"
"Ruined Pantheon",1350,pantheon,,"ruined","July 8, 2021"
"Ascended Pantheon Prestige Edition",,pantheon,Limited Edition,"ascended-prestige-edition","July 8, 2021"
"Astronaut Maokai",1350,maokai,,"astronaut","July 1, 2021"
"Astronaut Rammus",1350,rammus,,"astronaut","July 1, 2021"
"Astronaut Veigar",1350,veigar,,"astronaut","July 1, 2021"
"Astronaut Corki",1350,corki,,"astronaut","July 1, 2021"
"PROJECT: Zed Prestige Edition",,zed,Limited Edition,"project-prestige-edition","June 24, 2021"
"Pool Party Sett",1350,sett,,"pool-party","June 9, 2021"
"Pool Party Braum",1350,braum,,"pool-party","June 9, 2021"
"PROJECT: Mordekaiser",1820,mordekaiser,Legendary,"project","May 27, 2021"
"PROJECT: Renekton",1820,renekton,Legendary,"project","May 27, 2021"
"PROJECT: Sejuani",1350,sejuani,,"project","May 27, 2021"
"PROJECT: Senna",1350,senna,,"project","May 27, 2021"
"PROJECT: Sylas",1350,sylas,,"project","May 27, 2021"
"PROJECT: Sylas Prestige Edition",,sylas,Limited Edition,"project-prestige-edition","May 27, 2021"
"PROJECT: Varus",1350,varus,,"project","May 27, 2021"
"Arcana Lucian",1350,lucian,,"arcana","May 11, 2021"
"Arcana Tahm Kench",1350,tahm-kench,,"arcana","May 11, 2021"
"Arcana Xerath",1350,xerath,,"arcana","May 11, 2021"
"Arcana Camille",1350,camille,,"arcana","May 11, 2021"
"DWG Leona",1350,leona,Special Events,"dwg","April 28, 2021"
"DWG Nidalee",1350,nidalee,Special Events,"dwg","April 28, 2021"
"DWG Jhin",1350,jhin,Special Events,"dwg","April 28, 2021"
"DWG Kennen",1350,kennen,Special Events,"dwg","April 28, 2021"
"DWG Twisted Fate",1350,twisted-fate,Special Events,"dwg","April 28, 2021"
"Conqueror Jax",1350,jax,Special Events,"conqueror","April 28, 2021"
"Conqueror Jax Prestige Edition",,jax,Limited Edition,"conqueror-prestige-edition","April 28, 2021"
"Space Groove Gwen",1350,gwen,,"space-groove","April 15, 2021"
"Dragonslayer Kayle",1350,kayle,,"dragonslayer","April 15, 2021"
"Dragon Guardian Galio",1350,galio,,"dragon-guardian","April 15, 2021"
"Dragonslayer Twitch",1350,twitch,,"dragonslayer","April 15, 2021"
"Blackfrost Sion",1350,sion,,"blackfrost","April 15, 2021"
"Blackfrost Vel'Koz",1350,velkoz,,"blackfrost","April 15, 2021"
"Space Groove Lux",1350,lux,,"space-groove","March 31, 2021"
"Space Groove Rumble",1350,rumble,,"space-groove","March 31, 2021"
"Space Groove Nasus",1350,nasus,,"space-groove","March 31, 2021"
"Space Groove Nunu & Willump",1350,nunu-amp-willump,,"space-groove","March 31, 2021"
"Space Groove Lulu",1350,lulu,,"space-groove","March 31, 2021"
"Space Groove Lulu Prestige Edition",,lulu,Limited Edition,"space-groove-prestige-edition","March 31, 2021"
"Space Groove Blitz & Crank",1820,blitzcrank,Legendary,"space-groove-blitz-amp-crank","March 31, 2021"
"Space Groove Samira",1350,samira,,"space-groove","March 31, 2021"
"Battle Academia Caitlyn",1820,caitlyn,Legendary,"battle-academia","March 18, 2021"
"Battle Academia Leona",1350,leona,,"battle-academia","March 18, 2021"
"Battle Academia Leona Prestige Edition",,leona,Limited Edition,"battle-academia-prestige-edition","March 18, 2021"
"Battle Academia Garen",1350,garen,,"battle-academia","March 18, 2021"
"Battle Academia Wukong",1350,wukong,,"battle-academia","March 18, 2021"
"Battle Academia Yone",1350,yone,,"battle-academia","March 18, 2021"
"Yuubee",1350,yuumi,,"yuubee","March 4, 2021"
"Beezahar",1350,malzahar,,"beezahar","March 4, 2021"
"Bee'Maw",1350,kogmaw,,"beemaw","March 4, 2021"
"Withered Rose Syndra",1350,syndra,Special Events,"withered-rose","February 11, 2021"
"Withered Rose Talon",1350,talon,Special Events,"withered-rose","February 11, 2021"
"Crystal Rose Swain",1350,swain,Special Events,"crystal-rose","February 11, 2021"
"Crystal Rose Zyra",1350,zyra,Special Events,"crystal-rose","February 11, 2021"
"Lunar Beast Fiora",1350,fiora,,"lunar-beast","February 4, 2021"
"Lunar Beast Fiora Prestige Edition",,fiora,Limited Edition,"lunar-beast-prestige-edition","February 4, 2021"
"Lunar Beast Darius",1350,darius,,"lunar-beast","February 4, 2021"
"Lunar Beast Alistar",1350,alistar,,"lunar-beast","February 4, 2021"
"Lunar Beast Jarvan IV",1350,jarvan-iv,,"lunar-beast","February 4, 2021"
"Lunar Beast Aphelios",1350,aphelios,,"lunar-beast","February 4, 2021"
"Lunar Beast Annie",1350,annie,,"lunar-beast","February 4, 2021"
"Shan Hai Scrolls Jhin",1350,jhin,,"shan-hai-scrolls","January 28, 2021"
"Shan Hai Scrolls Cho'Gath",1350,chogath,,"shan-hai-scrolls","January 28, 2021"
"Shan Hai Scrolls Neeko",1350,neeko,,"shan-hai-scrolls","January 28, 2021"
"Shan Hai Scrolls Nautilus",1350,nautilus,,"shan-hai-scrolls","January 28, 2021"
"Ruined Shyvana",1350,shyvana,,"ruined","January 21, 2021"
"Ruined Karma",1350,karma,,"ruined","January 21, 2021"
"Ruined Draven",1350,draven,,"ruined","January 21, 2021"
"Lunar Beast Viego",1350,viego,,"lunar-beast","January 21, 2021"
"Warden Quinn",1350,quinn,,"warden","January 7, 2021"
"Warden Gragas",1350,gragas,,"warden","January 7, 2021"
"Marauder Xin Zhao",1350,xin-zhao,,"marauder","January 7, 2021"
"Marauder Kled",1350,kled,,"marauder","January 7, 2021"
"Marauder Kalista",1350,kalista,,"marauder","January 7, 2021"
"Battle Queen Katarina",1820,katarina,Legendary,"battle-queen","December 10, 2020"
"Battle Queen Diana",1350,diana,,"battle-queen","December 10, 2020"
"Battle Queen Diana Prestige Edition",,diana,Limited Edition,"battle-queen-prestige-edition","December 10, 2020"
"Battle Queen Qiyana",1350,qiyana,,"battle-queen","December 10, 2020"
"Battle Queen Janna",1350,janna,,"battle-queen","December 10, 2020"
"Battle Queen Rell",1350,rell,,"battle-queen","December 10, 2020"
"Elderwood Rakan",1350,rakan,,"elderwood","December 10, 2020"
"Elderwood Xayah",1350,xayah,,"elderwood","December 10, 2020"
"Old God Ivern",1350,ivern,,"old-god","December 10, 2020"
"Elderwood Azir",1350,azir,,"elderwood","December 10, 2020"
"Elderwood Ornn",1350,ornn,,"elderwood","December 10, 2020"
"Cosmic Flight Anivia",1350,anivia,,"cosmic-flight","November 24, 2020"
"Cosmic Charger Hecarim",1350,hecarim,,"cosmic-charger","November 24, 2020"
"Cosmic Invoker Illaoi",1350,illaoi,,"cosmic-invoker","November 24, 2020"
"Cosmic Destiny Nami",1350,nami,,"cosmic-destiny","November 24, 2020"
"Cosmic Huntress Nidalee",1350,nidalee,,"cosmic-huntress","November 24, 2020"
"Cosmic Sting Skarner",1350,skarner,,"cosmic-sting","November 24, 2020"
"Cosmic Hunter Varus",1350,varus,,"cosmic-hunter","November 24, 2020"
"Cosmic Devourer Vladimir",1350,vladimir,,"cosmic-devourer","November 24, 2020"
"Dark Cosmic Lissandra",1350,lissandra,,"dark-cosmic","November 24, 2020"
"Star Guardian Soraka Prestige Edition",,soraka,Limited Edition,"star-guardian-prestige-edition","November 24, 2020"
"Battlecast Nasus",1350,nasus,,"battlecast","November 12, 2020"
"Battlecast Zac",1350,zac,,"battlecast","November 12, 2020"
"Resistance Jayce",1350,jayce,,"resistance","November 12, 2020"
"Resistance Singed",1350,singed,,"resistance","November 12, 2020"
"Resistance Yorick",1350,yorick,,"resistance","November 12, 2020"
"Victorious Lucian",,lucian,Special Events,"victorious","November 11, 2020"
"K/DA ALL OUT Kai'Sa",1350,kaisa,,"k-da-all-out","October 29, 2020"
"K/DA ALL OUT Kai'Sa Prestige Edition",,kaisa,Limited Edition,"k-da-all-out-prestige-edition","October 29, 2020"
"K/DA ALL OUT Evelynn",1350,evelynn,,"k-da-all-out","October 29, 2020"
"K/DA ALL OUT Akali",1350,akali,,"k-da-all-out","October 29, 2020"
"K/DA ALL OUT Ahri",1350,ahri,,"k-da-all-out","October 29, 2020"
"K/DA ALL OUT Seraphine Indie",3250,seraphine,Ultimate,"k-da-all-out-indie","October 29, 2020"
"K/DA ALL OUT Seraphine Rising Star",3250,seraphine,Ultimate,"k-da-all-out-rising-star","October 29, 2020"
"K/DA ALL OUT Seraphine Superstar",3250,seraphine,Ultimate,"k-da-all-out-superstar","October 29, 2020"
"Pumpkin Prince Amumu",1350,amumu,Special Events,"pumpkin-prince","October 22, 2020"
"Bewitching Elise",1350,elise,Special Events,"bewitching","October 22, 2020"
"Little Devil Fizz",1350,fizz,Special Events,"little-devil","October 22, 2020"
"Odyssey Karma",1350,karma,,"odyssey","October 15, 2020"
"Odyssey Aatrox",1350,aatrox,,"odyssey","October 15, 2020"
"Odyssey Sivir",1350,sivir,,"odyssey","October 15, 2020"
"Odyssey Kha'Zix",1350,khazix,,"odyssey","October 15, 2020"
"Odyssey Twisted Fate",1350,twisted-fate,,"odyssey","October 15, 2020"
"Hextech Kassadin",,kassadin,Hextech Crafting,"hextech","October 15, 2020"
"Storm Dragon Aurelion Sol",1350,aurelion-sol,,"storm-dragon","October 1, 2020"
"Storm Dragon Lee Sin",1820,lee-sin,Legendary,"storm-dragon","October 1, 2020"
"Eternal Dragon Brand",1350,brand,,"eternal-dragon","October 1, 2020"
"Fae Dragon Ashe",1350,ashe,,"fae-dragon","October 1, 2020"
"Obsidian Dragon Sett",1350,sett,,"obsidian-dragon","October 1, 2020"
"Obsidian Dragon Sett Prestige Edition",,sett,Limited Edition,"obsidian-dragon-prestige-edition","October 1, 2020"
"True Damage Yasuo Prestige Edition",,yasuo,Limited Edition,"true-damage-prestige-edition","September 25, 2020"
"Championship LeBlanc",1350,leblanc,,"championship","September 24, 2020"
"PsyOps Samira",1350,samira,,"psyops","September 21, 2020"
"PsyOps Pyke",1350,pyke,,"psyops","September 17, 2020"
"PsyOps Viktor",1350,viktor,,"psyops","September 17, 2020"
"PsyOps Zed",1350,zed,,"psyops","September 17, 2020"
"PsyOps Kayle",1350,kayle,,"psyops","September 17, 2020"
"PsyOps Sona",1820,sona,Legendary,"psyops","September 3, 2020"
"PsyOps Vi",1350,vi,,"psyops","September 3, 2020"
"PsyOps Shen",1350,shen,,"psyops","September 3, 2020"
"PsyOps Master Yi",1350,master-yi,,"psyops","September 3, 2020"
"PsyOps Ezreal",1350,ezreal,,"psyops","September 3, 2020"
"PsyOps Ezreal Prestige Edition",,ezreal,Limited Edition,"psyops-prestige-edition","September 3, 2020"
"Hextech Ziggs",,ziggs,Hextech Crafting,"hextech","September 3, 2020"
"Spirit Blossom Ahri",1820,ahri,Legendary,"spirit-blossom","August 6, 2020"
"Spirit Blossom Cassiopeia",1350,cassiopeia,,"spirit-blossom","August 6, 2020"
"Spirit Blossom Kindred",1350,kindred,,"spirit-blossom","August 6, 2020"
"Spirit Blossom Riven",1350,riven,,"spirit-blossom","August 6, 2020"
"Spirit Blossom Yone",1350,yone,,"spirit-blossom","August 6, 2020"
"Spirit Blossom Lillia",1350,lillia,,"spirit-blossom","July 22, 2020"
"Spirit Blossom Vayne",1350,vayne,,"spirit-blossom","July 22, 2020"
"Spirit Blossom Yasuo",1350,yasuo,,"spirit-blossom","July 22, 2020"
"Spirit Blossom Thresh",1820,thresh,Legendary,"spirit-blossom","July 22, 2020"
"Spirit Blossom Teemo",1350,teemo,,"spirit-blossom","July 22, 2020"
"Spirit Blossom Teemo Prestige Edition",,teemo,Limited Edition,"spirit-blossom-prestige-edition","July 22, 2020"
"Infernal Kennen",1350,kennen,,"infernal","July 16, 2020"
"Infernal Karthus",1350,karthus,,"infernal","July 16, 2020"
"Infernal Vel'Koz",1350,velkoz,,"infernal","July 16, 2020"
"Arcanist Zoe",1350,zoe,,"arcanist","July 9, 2020"
"Arcanist Zoe Prestige Edition",,zoe,Limited Edition,"arcanist-prestige-edition","July 9, 2020"
"Arcanist Kog'Maw",1350,kogmaw,,"arcanist","July 9, 2020"
"Arcanist Shaco",1350,shaco,,"arcanist","July 9, 2020"
"Conqueror Nautilus",975,nautilus,Special Events,"conqueror","July 9, 2020"
"Pool Party Orianna",1350,orianna,,"pool-party","July 2, 2020"
"Pool Party Taliyah",1350,taliyah,,"pool-party","July 2, 2020"
"Pool Party Jarvan IV",1350,jarvan-iv,,"pool-party","July 2, 2020"
"Pool Party Syndra",1350,syndra,,"pool-party","July 2, 2020"
"Pool Party Heimerdinger",1350,heimerdinger,,"pool-party","July 2, 2020"
"High Noon Senna",1820,senna,Legendary,"high-noon","June 18, 2020"
"High Noon Irelia",1350,irelia,,"high-noon","June 18, 2020"
"Hextech Nocturne",,nocturne,Hextech Crafting,"hextech","June 18, 2020"
"The Thousand-Pierced Bear",975,volibear,,"the-thousand-pierced-bear","May 28, 2020"
"Astronaut Poppy",1350,poppy,,"astronaut","May 28, 2020"
"Astronaut Gnar",1350,gnar,,"astronaut","May 28, 2020"
"Astronaut Bard",1350,bard,,"astronaut","May 28, 2020"
"Pulsefire Fiora",1350,fiora,,"pulsefire","May 14, 2020"
"Pulsefire Ekko",1350,ekko,,"pulsefire","May 14, 2020"
"Pulsefire Lucian",1350,lucian,,"pulsefire","May 14, 2020"
"Pulsefire Lucian Prestige Edition",,lucian,Limited Edition,"pulsefire-prestige-edition","May 14, 2020"
"Pulsefire Pantheon",1350,pantheon,,"pulsefire","May 14, 2020"
"FPX Gangplank",1350,gangplank,Special Events,"fpx","April 30, 2020"
"FPX Lee Sin",1350,lee-sin,Special Events,"fpx","April 30, 2020"
"FPX Malphite",1350,malphite,Special Events,"fpx","April 30, 2020"
"FPX Thresh",1350,thresh,Special Events,"fpx","April 30, 2020"
"FPX Vayne",1350,vayne,Special Events,"fpx","April 30, 2020"
"Coven Morgana",1820,morgana,Legendary,"coven","April 16, 2020"
"Coven Zyra",1350,zyra,,"coven","April 16, 2020"
"Coven Zyra Prestige Edition",,zyra,Limited Edition,"coven-prestige-edition","April 16, 2020"
"Coven Leblanc",1350,leblanc,,"coven-leblanc","April 16, 2020"
"Worldbreaker Malzahar",1350,malzahar,,"worldbreaker","April 9, 2020"
"Worldbreaker Maokai",1350,maokai,,"worldbreaker","April 9, 2020"
"Worldbreaker Sion",1350,sion,,"worldbreaker","April 9, 2020"
"Pengu Cosplay Tristana",1350,tristana,,"pengu-cosplay","April 1, 2020"
"Furyhorn Cosplay Veigar",1350,veigar,,"furyhorn-cosplay","April 1, 2020"
"Pajama Guardian Cosplay Urgot",1350,urgot,,"pajama-guardian-cosplay","April 1, 2020"
"Cosmic Lux",1820,lux,Legendary,"cosmic","March 26, 2020"
"Dark Cosmic Lux",1820,lux,Legendary,"dark-cosmic","March 26, 2020"
"Dark Star Malphite",1350,malphite,,"dark-star","March 26, 2020"
"Dark Star Malphite Prestige Edition",,malphite,Limited Edition,"dark-star-prestige-edition","March 26, 2020"
"Dark Star Xerath",1350,xerath,,"dark-star","March 26, 2020"
"Dark Star Mordekaiser",1350,mordekaiser,,"dark-star","March 26, 2020"
"Talon Blackwood",1350,talon,,"blackwood","March 19, 2020"
"Taric Luminshield",1350,taric,,"luminshield","March 19, 2020"
"Twitch Shadowfoot",1350,twitch,,"shadowfoot","March 19, 2020"
"Blackfrost Rek'Sai",1350,reksai,,"blackfrost","March 5, 2020"
"Blackfrost Alistar",1350,alistar,,"blackfrost","March 5, 2020"
"Blackfrost Renekton",1350,renekton,,"blackfrost","March 5, 2020"
"Hextech Sejuani",,sejuani,Hextech Crafting,"hextech","March 5, 2020"
"Blood Moon Katarina",1350,katarina,,"blood-moon","February 20, 2020"
"Blood Moon Master Yi",1350,master-yi,,"blood-moon","February 20, 2020"
"Blood Moon Tryndamere",1350,tryndamere,,"blood-moon","February 20, 2020"
"Heartseeker Jinx",1350,jinx,,"heartseeker","February 6, 2020"
"Heartseeker Yuumi",1350,yuumi,,"heartseeker","February 6, 2020"
"True Damage Senna Prestige Edition",,senna,Limited Edition,"true-damage-prestige-edition","February 6, 2020"
"Dragonslayer Trundle",1350,trundle,,"dragonslayer","January 30, 2020"
"Dragonslayer Diana",1350,diana,,"dragonslayer","January 30, 2020"
"Dragonslayer Olaf",1350,olaf,,"dragonslayer","January 30, 2020"
"Guardian of the Sands Rengar",1350,rengar,,"guardian-of-the-sands","January 22, 2020"
"Guardian of the Sands Janna",1350,janna,,"guardian-of-the-sands","January 22, 2020"
"Guardian of the Sands Ryze",1350,ryze,,"guardian-of-the-sands","January 22, 2020"
"Mecha Kingdoms Leona",1350,leona,,"mecha-kingdoms","January 15, 2020"
"Mecha Kingdoms Garen",1350,garen,,"mecha-kingdoms","January 15, 2020"
"Mecha Kingdoms Garen Prestige Edition",,garen,Limited Edition,"mecha-kingdoms-prestige-edition","January 15, 2020"
"Mecha Kingdoms Draven",1350,draven,,"mecha-kingdoms","January 15, 2020"
"Mecha Kingdoms Jax",1820,jax,Legendary,"mecha-kingdoms","January 15, 2020"
"Mecha Kingdoms Sett",1350,sett,,"mecha-kingdoms","January 14, 2020"
"Freljord Sylas",1350,sylas,,"freljord","January 10, 2020"
"Sugar Rush Braum",1350,braum,,"sugar-rush","December 17, 2019"
"Sugar Rush Ziggs",1350,ziggs,,"sugar-rush","December 17, 2019"
"Sugar Rush Evelynn",1350,evelynn,,"sugar-rush","December 17, 2019"
"Sugar Rush Zilean",1350,zilean,,"sugar-rush","December 17, 2019"
"Nightbringer Aphelios",1350,aphelios,,"nightbringer","December 12, 2019"
"Nightbringer Vladimir",1350,vladimir,,"nightbringer","December 12, 2019"
"Nightbringer Soraka",1820,soraka,Legendary,"nightbringer","December 12, 2019"
"Nightbringer Lee Sin",1350,lee-sin,,"nightbringer","December 12, 2019"
"Nightbringer Lee Sin Prestige Edition",,lee-sin,Limited Edition,"nightbringer-prestige-edition","December 12, 2019"
"Dawnbringer Soraka",1820,soraka,Legendary,"dawnbringer","December 12, 2019"
"Dawnbringer Nidalee",1350,nidalee,,"dawnbringer","December 12, 2019"
"Dawnbringer Karma",1350,karma,,"dawnbringer","December 12, 2019"
"Hextech Swain",,swain,Hextech Crafting,"hextech","December 12, 2019"
"Victorious Aatrox",,aatrox,Special Events,"victorious","November 21, 2019"
"Pulsefire Thresh",1350,thresh,,"pulsefire","November 21, 2019"
"Pulsefire Thresh Prestige Edition",,thresh,Limited Edition,"pulsefire-prestige-edition","November 21, 2019"
"True Damage Senna",1350,senna,,"true-damage","November 10, 2019"
"True Damage Akali",1350,akali,,"true-damage","November 10, 2019"
"True Damage Ekko",1820,ekko,Legendary,"true-damage","November 10, 2019"
"True Damage Qiyana",1350,qiyana,,"true-damage","November 10, 2019"
"True Damage Qiyana Prestige Edition",,qiyana,Limited Edition,"true-damage-prestige-edition","November 10, 2019"
"True Damage Yasuo",1350,yasuo,,"true-damage","November 10, 2019"
"Annie-Versary",,annie,Limited Edition,"versary","October 27, 2019"
"Witch's Brew Blitzcrank",1350,blitzcrank,Special Events,"witchs-brew","October 24, 2019"
"Bewitching Miss Fortune",1350,miss-fortune,Special Events,"bewitching","October 24, 2019"
"Bewitching Miss Fortune Prestige Edition",,miss-fortune,Limited Edition,"bewitching-prestige-edition","October 24, 2019"
"Count Kassadin",1350,kassadin,Special Events,"count","October 24, 2019"
"High Noon Ashe",1820,ashe,Legendary,"high-noon","October 10, 2019"
"High Noon Darius",1350,darius,,"high-noon","October 10, 2019"
"High Noon Hecarim",1350,hecarim,,"high-noon","October 9, 2019"
"Hextech Amumu",,amumu,Hextech Crafting,"hextech","September 26, 2019"
"Majestic Empress Morgana",1350,morgana,,"majestic-empress","September 26, 2019"
"Splendid Staff Nami",1350,nami,,"splendid-staff","September 26, 2019"
"Valiant Sword Riven",1350,riven,,"valiant-sword","September 26, 2019"
"Valiant Sword Riven Prestige Edition",,riven,Limited Edition,"valiant-sword-prestige-edition","September 26, 2019"
"Championship Ryze",1350,ryze,,"championship","September 26, 2019"
"Star Guardian Neeko",1350,neeko,,"star-guardian","September 12, 2019"
"Star Guardian Neeko Prestige Edition",,neeko,Limited Edition,"star-guardian-prestige-edition","September 12, 2019"
"Star Guardian Xayah",1820,xayah,Legendary,"star-guardian","September 12, 2019"
"Star Guardian Rakan",1820,rakan,Legendary,"star-guardian","September 12, 2019"
"Star Guardian Zoe",1350,zoe,,"star-guardian","September 12, 2019"
"Infernal Varus",1350,varus,,"infernal","September 5, 2019"
"Infernal Shen",1350,shen,,"infernal","September 5, 2019"
"Infernal Galio",1350,galio,,"infernal","September 5, 2019"
"Elderwood Ahri",1350,ahri,,"elderwood","August 29, 2019"
"Elderwood Veigar",1350,veigar,,"elderwood","August 29, 2019"
"Old God Nocturne",1350,nocturne,,"old-god","August 29, 2019"
"Dragon Oracle Udyr",1350,udyr,,"dragon-oracle","August 15, 2019"
"Hextech Rammus",,rammus,Hextech Crafting,"hextech","August 15, 2019"
"PROJECT: Pyke",1820,pyke,Legendary,"project","August 1, 2019"
"PROJECT: Irelia",1350,irelia,,"project","August 1, 2019"
"PROJECT: Jinx",1350,jinx,,"project","August 1, 2019"
"PROJECT: Akali",1350,akali,,"project","August 1, 2019"
"PROJECT: Warwick",1350,warwick,,"project","August 1, 2019"
"PROJECT: Irelia Prestige Edition",,irelia,Limited Edition,"project-prestige-edition","August 1, 2019"
"Demacia Vice Garen",1350,garen,,"demacia-vice","July 18, 2019"
"Demacia Vice Lucian",1350,lucian,,"demacia-vice","July 18, 2019"
"Battle Boss Qiyana",1350,qiyana,,"battle-boss","June 28, 2019"
"Battle Boss Yasuo",1350,yasuo,,"battle-boss","June 28, 2019"
"Arcade Kai'Sa",1350,kaisa,,"arcade","June 28, 2019"
"Arcade Caitlyn",1350,caitlyn,,"arcade","June 28, 2019"
"Arcade Caitlyn Prestige Edition",,caitlyn,Limited Edition,"arcade-prestige-edition","June 28, 2019"
"Dark Star Shaco",1350,shaco,,"dark-star","June 13, 2019"
"Dark Star Karma",1350,karma,,"dark-star","June 13, 2019"
"Dark Cosmic Jhin",1820,jhin,Legendary,"dark-cosmic","June 13, 2019"
"Little Demon Tristana",1350,tristana,,"little-demon","May 30, 2019"
"Battle Academia Ezreal",1820,ezreal,Legendary,"battle-academia","May 15, 2019"
"Battle Academia Lux",1350,lux,,"battle-academia","May 15, 2019"
"Battle Academia Lux Prestige Edition",,lux,Limited Edition,"battle-academia-prestige-edition","May 15, 2019"
"Battle Academia Jayce",1350,jayce,,"battle-academia","May 15, 2019"
"Battle Academia Katarina",1350,katarina,,"battle-academia","May 15, 2019"
"Battle Professor Graves",1350,graves,,"battle-professor","May 15, 2019"
"Battle Principal Yuumi",1350,yuumi,,"battle-principal","May 14, 2019"
"Conqueror Alistar",975,alistar,Special Events,"conqueror","April 30, 2019"
"iG Camille",1350,camille,Special Events,"ig","April 23, 2019"
"iG Fiora",1350,fiora,Special Events,"ig","April 23, 2019"
"iG Irelia",1350,irelia,Special Events,"ig","April 23, 2019"
"iG Kai'Sa",1350,kaisa,Special Events,"ig","April 23, 2019"
"iG LeBlanc",1350,leblanc,Special Events,"ig","April 23, 2019"
"iG Rakan",1350,rakan,Special Events,"ig","April 23, 2019"
"Galaxy Slayer Zed",1820,zed,Legendary,"galaxy-slayer","April 18, 2019"
"K/DA Evelynn Prestige Edition",,evelynn,Limited Edition,"k-da-prestige-edition","April 18, 2019"
"Corgi Corki",1350,corki,,"corgi","March 27, 2019"
"Fuzz Fizz",1350,fizz,,"fuzz","March 27, 2019"
"Fuzz Fizz Prestige Edition",,fizz,Limited Edition,"fuzz-prestige-edition","March 27, 2019"
"Meowrick",1350,yorick,,"meowrick","March 27, 2019"
"Pretty Kitty Rengar",1350,rengar,,"pretty-kitty","March 27, 2019"
"K/DA Ahri Prestige Edition",,ahri,Limited Edition,"k-da-prestige-edition","March 7, 2019"
"Arclight Brand",1350,brand,,"arclight","March 7, 2019"
"Papercraft Anivia",1350,anivia,,"papercraft","February 21, 2019"
"Papercraft Nunu & Willump",1350,nunu-amp-willump,,"papercraft","February 21, 2019"
"Heartpiercer Fiora",1350,fiora,,"heartpiercer","February 11, 2019"
"Heartbreaker Vi",1350,vi,,"heartbreaker","February 11, 2019"
"Coin Emperor Tahm Kench",1350,tahm-kench,,"coin-emperor","January 28, 2019"
"Firecracker Sejuani",1350,sejuani,,"firecracker","January 28, 2019"
"Firecracker Vayne",1350,vayne,,"firecracker","January 28, 2019"
"Firecracker Vayne Prestige Edition",,vayne,Limited Edition,"firecracker-prestige-edition","January 28, 2019"
"Lunar Wraith Sylas",1350,sylas,,"lunar-wraith","January 25, 2019"
"Blood Moon Aatrox",1350,aatrox,,"blood-moon","January 10, 2019"
"Blood Moon Pyke",1350,pyke,,"blood-moon","January 10, 2019"
"Blood Moon Sivir",1350,sivir,,"blood-moon","January 10, 2019"
"Hextech Renekton",,renekton,Hextech Crafting,"hextech","December 20, 2018"
"Ice King Twitch",1350,twitch,,"ice-king","December 6, 2018"
"Frozen Prince Mundo",1350,dr-mundo,,"frozen-prince-mundo","December 6, 2018"
"Winter Wonder Soraka",1350,soraka,,"winter-wonder","December 6, 2018"
"Snow Man Yi",1350,master-yi,,"snow-man-yi","December 6, 2018"
"K/DA Akali Prestige Edition",,akali,Limited Edition,"k-da-prestige-edition","December 6, 2018"
"Winter Wonder Neeko",1350,neeko,,"winter-wonder","December 5, 2018"
"Solar Eclipse Leona",1820,leona,Legendary,"solar-eclipse","November 27, 2018"
"Lunar Eclipse Leona",1820,leona,Legendary,"lunar-eclipse","November 27, 2018"
"Coven Camille",1350,camille,,"coven","November 27, 2018"
"Coven Lissandra",1350,lissandra,,"coven","November 27, 2018"
"Pajama Guardian Soraka",1350,soraka,,"pajama-guardian","November 21, 2018"
"Pajama Guardian Miss Fortune",1350,miss-fortune,,"pajama-guardian","November 21, 2018"
"Pajama Guardian Ezreal",1350,ezreal,,"pajama-guardian","November 21, 2018"
"Pajama Guardian Lulu",1350,lulu,,"pajama-guardian","November 21, 2018"
"Pajama Guardian Lux",1350,lux,,"pajama-guardian","November 21, 2018"
"Program Nami",1350,nami,,"program","November 15, 2018"
"Program LeBlanc",1350,leblanc,,"program","November 15, 2018"
"Praetorian Fiddlesticks",1350,fiddlesticks,,"praetorian","November 8, 2018"
"Praetorian Graves",1350,graves,,"praetorian","November 8, 2018"
"K/DA Ahri",1350,ahri,,"k-da","November 3, 2018"
"K/DA Akali",1350,akali,,"k-da","November 3, 2018"
"K/DA Kai'Sa",1350,kaisa,,"k-da","November 3, 2018"
"K/DA Evelynn",1350,evelynn,,"k-da","November 3, 2018"
"K/DA Kai'Sa Prestige Edition",,kaisa,Limited Edition,"k-da-prestige-edition","November 3, 2018"
"Bewitching Janna",1350,janna,Special Events,"bewitching","October 25, 2018"
"Count Kledula",1350,kled,Special Events,"count-ula","October 25, 2018"
"Trick or Treat Ekko",1350,ekko,Special Events,"trick-or-treat","October 25, 2018"
"Hextech Malzahar",,malzahar,Hextech Crafting,"hextech","October 18, 2018"
"Infernal Amumu",1350,amumu,,"infernal","October 16, 2018"
"Dragon Trainer Heimerdinger",1820,heimerdinger,Legendary,"dragon-trainer","October 11, 2018"
"Championship Kha'Zix",1350,khazix,Special Events,"championship","September 27, 2018"
"Odyssey Jinx",1350,jinx,,"odyssey","September 12, 2018"
"Odyssey Kayn",1820,kayn,Legendary,"odyssey","September 12, 2018"
"Odyssey Malphite",1350,malphite,,"odyssey","September 12, 2018"
"Odyssey Sona",1350,sona,,"odyssey","September 12, 2018"
"Odyssey Yasuo",1350,yasuo,,"odyssey","September 12, 2018"
"Odyssey Ziggs",1350,ziggs,Legacy,"odyssey","September 12, 2018"
"Divine Sword Irelia",1350,irelia,,"divine-sword","September 4, 2018"
"Enduring Sword Talon",1350,talon,,"enduring-sword","September 4, 2018"
"High Noon Lucian",1820,lucian,Legendary,"high-noon","August 30, 2018"
"High Noon Thresh",1350,thresh,,"high-noon","August 30, 2018"
"High Noon Urgot",1350,urgot,,"high-noon","August 30, 2018"
"Crime City Braum",1350,braum,,"crime-city","August 23, 2018"
"Cosmic Queen Ashe",1350,ashe,,"cosmic-queen","August 21, 2018"
"Cosmic Enchantress Lulu",1350,lulu,,"cosmic-enchantress","August 21, 2018"
"Cosmic Defender Xin Zhao",1350,xin-zhao,,"cosmic-defender","August 21, 2018"
"Mecha Aurelion Sol",1350,aurelion-sol,,"mecha","August 16, 2018"
"Pool Party Caitlyn",1350,caitlyn,,"pool-party","August 2, 2018"
"Pool Party Gangplank",1350,gangplank,,"pool-party","August 2, 2018"
"Pool Party Zoe",1350,zoe,,"pool-party","August 2, 2018"
"Hextech Poppy",,poppy,Hextech Crafting,"hextech","July 23, 2018"
"SSG Ezreal",1350,ezreal,Special Events,"ssg","July 20, 2018"
"SSG Gnar",1350,gnar,Special Events,"ssg","July 20, 2018"
"SSG Jarvan IV",1350,jarvan-iv,Special Events,"ssg","July 20, 2018"
"SSG Rakan",1350,rakan,Special Events,"ssg","July 20, 2018"
"SSG Taliyah",1350,taliyah,Special Events,"ssg","July 20, 2018"
"SSG Xayah",1350,xayah,Special Events,"ssg","July 20, 2018"
"Dark Star Cho'Gath",1350,chogath,,"dark-star","July 13, 2018"
"God-King Darius",1820,darius,Legendary,"god-king","June 27, 2018"
"God-King Garen",1820,garen,Legendary,"god-king","June 27, 2018"
"Playmaker Lee Sin",975,lee-sin,Legacy,"playmaker","June 22, 2018"
"Sweeper Rammus",975,rammus,Legacy,"sweeper","June 22, 2018"
"Dark Waters Diana",1350,diana,,"dark-waters","May 31, 2018"
"Dark Waters Vladimir",1350,vladimir,,"dark-waters","May 31, 2018"
"Sand Wraith Pyke",1350,pyke,,"sand-wraith","May 31, 2018"
"Pulsefire Riven",1350,riven,,"pulsefire","May 17, 2018"
"Pulsefire Shen",1350,shen,,"pulsefire","May 17, 2018"
"Pulsefire Twisted Fate",1350,twisted-fate,,"pulsefire","May 17, 2018"
"Blood Moon Evelynn",1350,evelynn,,"blood-moon","May 8, 2018"
"Beemo",1350,teemo,,"beemo","May 2, 2018"
"Conqueror Varus",975,varus,Special Events,"conqueror","April 25, 2018"
"Badlands Baron Rumble",1350,rumble,,"badlands-baron","April 12, 2018"
"Lancer Stratus Wukong",1350,wukong,,"lancer-stratus","April 5, 2018"
"Pizza Delivery Sivir",975,sivir,,"pizza-delivery","March 30, 2018"
"Birdio",975,galio,,"birdio","March 30, 2018"
"Hextech Alistar",,alistar,Hextech Crafting,"hextech","March 27, 2018"
"Gun Goddess Miss Fortune",2775,miss-fortune,Ultimate,"gun-goddess","March 22, 2018"
"Resistance Illaoi",1350,illaoi,,"resistance","March 15, 2018"
"Bullet Angel Kai'Sa",1350,kaisa,,"bullet-angel","March 7, 2018"
"Dark Star Jarvan IV",1350,jarvan-iv,,"dark-star","March 1, 2018"
"Dragon Master Swain",1350,swain,,"dragon-master","February 22, 2018"
"Sweetheart Xayah",1350,xayah,,"sweetheart","February 12, 2018"
"Sweetheart Rakan",1350,rakan,,"sweetheart","February 12, 2018"
"Lunar Guardian Warwick",1350,warwick,Special Events,"lunar-guardian","February 8, 2018"
"Lunar Guardian Nasus",1350,nasus,Special Events,"lunar-guardian","February 8, 2018"
"Lunar Empress Lux",1350,lux,Special Events,"lunar-empress","February 8, 2018"
"Arctic Ops Gragas",1350,gragas,,"arctic-ops","January 25, 2018"
"God Staff Jax",1350,jax,,"god-staff","January 11, 2018"
"Ambitious Elf Jinx",1350,jinx,Special Events,"ambitious-elf","December 12, 2017"
"Santa Draven",1350,draven,Special Events,"santa","December 12, 2017"
"Snow Fawn Poppy",1350,poppy,Special Events,"snow-fawn","December 12, 2017"
"Hextech Kog'Maw",,kogmaw,Hextech Crafting,"hextech","December 7, 2017"
"PROJECT: Jhin",1350,jhin,,"project","November 22, 2017"
"PROJECT: Vayne",1820,vayne,Legendary,"project","November 22, 2017"
"PROJECT: Vi",1350,vi,,"project","November 22, 2017"
"Cyber Pop Zoe",1350,zoe,,"cyber-pop","November 21, 2017"
"Victorious Graves",,graves,Special Events,"victorious","November 18, 2017"
"Lancer Rogue Blitzcrank",1350,blitzcrank,,"lancer-rogue","November 16, 2017"
"Lancer Paragon Blitzcrank",1350,blitzcrank,,"lancer-paragon","November 16, 2017"
"Mecha Rengar",1350,rengar,,"mecha","November 9, 2017"
"Death Sworn Katarina",1350,katarina,Special Events,"death-sworn","October 26, 2017"
"Death Sworn Viktor",1350,viktor,Special Events,"death-sworn","October 26, 2017"
"Death Sworn Zed",1350,zed,Special Events,"death-sworn","October 26, 2017"
"Super Galaxy Annie",1350,annie,,"super-galaxy","October 17, 2017"
"Super Galaxy Elise",1350,elise,,"super-galaxy","October 17, 2017"
"Super Galaxy Gnar",1350,gnar,,"super-galaxy","October 17, 2017"
"Super Galaxy Nidalee",1350,nidalee,,"super-galaxy","October 17, 2017"
"Beekeeper Singed",1350,singed,,"beekeeper","October 12, 2017"
"Soaring Sword Fiora",1350,fiora,,"soaring-sword","October 4, 2017"
"Sacred Sword Janna",1350,janna,,"sacred-sword","October 4, 2017"
"Eternal Sword Yi",1350,master-yi,,"eternal-sword-yi","October 4, 2017"
"Arclight Yorick",1350,yorick,,"arclight","October 4, 2017"
"Eternum Cassiopeia",1350,cassiopeia,,"eternum","September 21, 2017"
"Championship Ashe",1350,ashe,Special Events,"championship","September 12, 2017"
"Star Guardian Ahri",1820,ahri,Legendary,"star-guardian","September 7, 2017"
"Star Guardian Ezreal",1350,ezreal,,"star-guardian","September 7, 2017"
"Star Guardian Miss Fortune",1350,miss-fortune,,"star-guardian","September 7, 2017"
"Star Guardian Soraka",1350,soraka,,"star-guardian","September 7, 2017"
"Star Guardian Syndra",1350,syndra,,"star-guardian","September 7, 2017"
"Neo PAX Sivir",,sivir,Hextech Crafting,"neo-pax","August 31, 2017"
"Thunder Lord Ornn",1350,ornn,,"thunder-lord","August 23, 2017"
"Lancer Zero Hecarim",,hecarim,Hextech Crafting,"lancer-zero","August 17, 2017"
"Battle Boss Brand",1350,brand,,"battle-boss","August 9, 2017"
"Battle Boss Malzahar",1350,malzahar,,"battle-boss","August 9, 2017"
"Battle Boss Ziggs",1350,ziggs,,"battle-boss","August 9, 2017"
"Omega Squad Fizz",1350,fizz,,"omega-squad","July 27, 2017"
"Omega Squad Tristana",1350,tristana,,"omega-squad","July 27, 2017"
"Omega Squad Twitch",1350,twitch,,"omega-squad","July 27, 2017"
"Omega Squad Veigar",1350,veigar,,"omega-squad","July 27, 2017"
"Soulhunter Kayn",1350,kayn,,"soulhunter","July 12, 2017"
"SKT T1 Ekko",1350,ekko,Special Events,"skt-t1","July 5, 2017"
"SKT T1 Jhin",1350,jhin,Special Events,"skt-t1","July 5, 2017"
"SKT T1 Nami",1350,nami,Special Events,"skt-t1","July 5, 2017"
"SKT T1 Olaf",1350,olaf,Special Events,"skt-t1","July 5, 2017"
"SKT T1 Syndra",1350,syndra,Special Events,"skt-t1","July 5, 2017"
"SKT T1 Zac",1350,zac,Special Events,"skt-t1","July 5, 2017"
"Dawnbringer Riven",1820,riven,Legendary,"dawnbringer","June 15, 2017"
"Nightbringer Yasuo",1820,yasuo,Legendary,"nightbringer","June 15, 2017"
"Chemtech Tryndamere",975,tryndamere,,"chemtech","June 6, 2017"
"Pulsefire Caitlyn",1820,caitlyn,Legendary,"pulsefire","May 25, 2017"
"Cosmic Blade Master Yi",1350,master-yi,,"cosmic-blade","April 27, 2017"
"Conqueror Karma",975,karma,Special Events,"conqueror","April 24, 2017"
"Cosmic Dusk Xayah",1350,xayah,,"cosmic-dusk","April 19, 2017"
"Cosmic Dawn Rakan",1350,rakan,,"cosmic-dawn","April 19, 2017"
"Dreadnova Darius",,darius,Hextech Crafting,"dreadnova","April 13, 2017"
"God Fist Lee Sin",1820,lee-sin,Legendary,"god-fist","April 6, 2017"
"Dark Star Kha'Zix",1350,khazix,,"dark-star","April 5, 2017"
"Dark Star Orianna",1350,orianna,,"dark-star","April 5, 2017"
"Moo Cow Alistar",975,alistar,,"moo-cow","March 30, 2017"
"Super Kennen",750,kennen,,"super","March 30, 2017"
"Pug'Maw",975,kogmaw,,"pugmaw","March 30, 2017"
"Renektoy",750,renekton,,"renektoy","March 30, 2017"
"Dragonslayer Xin Zhao",1350,xin-zhao,,"dragonslayer","March 9, 2017"
"Dragon Sorceress Zyra",1350,zyra,,"dragon-sorceress","March 9, 2017"
"Festival Queen Anivia",975,anivia,,"festival-queen","February 23, 2017"
"Blood Moon Diana",1350,diana,,"blood-moon","February 9, 2017"
"Blood Moon Twisted Fate",1350,twisted-fate,,"blood-moon","February 9, 2017"
"Blood Moon Jhin",1350,jhin,,"blood-moon","February 9, 2017"
"Blood Moon Talon",1350,talon,,"blood-moon","February 9, 2017"
"Heartseeker Lucian",1350,lucian,,"heartseeker","January 24, 2017"
"Heartseeker Quinn",975,quinn,,"heartseeker","January 24, 2017"
"Warring Kingdoms Azir",1350,azir,Legacy,"warring-kingdoms","January 19, 2017"
"Warring Kingdoms Garen",1350,garen,Legacy,"warring-kingdoms","January 19, 2017"
"Warring Kingdoms Vi",1350,vi,Legacy,"warring-kingdoms","January 19, 2017"
"Dreadnova Gangplank",1350,gangplank,,"dreadnova","January 12, 2017"
"Santa Braum",1350,braum,Special Events,"santa","December 14, 2016"
"Snow Day Graves",1350,graves,Special Events,"snow-day","December 14, 2016"
"Winter Wonder Karma",1350,karma,Special Events,"winter-wonder","December 14, 2016"
"Program Camille",1350,camille,,"program","December 12, 2016"
"Elementalist Lux",3250,lux,Ultimate,"elementalist","November 28, 2016"
"Karthus Lightsbane",975,karthus,,"lightsbane","November 17, 2016"
"Jayce Brighthammer",750,jayce,,"brighthammer","November 17, 2016"
"Bard Bard",750,bard,,"","November 17, 2016"
"Sejuani Dawnchaser",750,sejuani,,"dawnchaser","November 17, 2016"
"Worldbreaker Hecarim",750,hecarim,,"worldbreaker","November 10, 2016"
"Worldbreaker Nasus",750,nasus,,"worldbreaker","November 10, 2016"
"Worldbreaker Trundle",750,trundle,,"worldbreaker","November 10, 2016"
"Worldbreaker Nautilus",750,nautilus,,"worldbreaker","November 10, 2016"
"Little Devil Teemo",1350,teemo,Special Events,"little-devil","October 20, 2016"
"Bewitching Tristana",1350,tristana,Special Events,"bewitching","October 20, 2016"
"Bewitching Morgana",975,morgana,Special Events,"bewitching","October 20, 2016"
"Victorious Maokai",,maokai,Special Events,"victorious","October 11, 2016"
"Star Guardian Janna",1350,janna,,"star-guardian","October 6, 2016"
"Star Guardian Jinx",1820,jinx,Legendary,"star-guardian","October 6, 2016"
"Star Guardian Lulu",1350,lulu,,"star-guardian","October 6, 2016"
"Star Guardian Poppy",1350,poppy,,"star-guardian","October 6, 2016"
"Candy King Ivern",1350,ivern,,"candy-king","October 5, 2016"
"Championship Zed",975,zed,Special Events,"championship","October 2, 2016"
"Championship Riven 2016",975,riven,Special Events,"championship-2016","September 26, 2016"
"Sashimi Akali",750,akali,,"sashimi","September 8, 2016"
"Baker Pantheon",975,pantheon,,"baker","September 8, 2016"
"Barbecue Leona",750,leona,,"barbecue","September 8, 2016"
"Butcher Olaf",750,olaf,,"butcher","September 8, 2016"
"Arcade Ahri",1350,ahri,,"arcade","August 25, 2016"
"Arcade Corki",1350,corki,,"arcade","August 25, 2016"
"Arcade Ezreal",1350,ezreal,,"arcade","August 25, 2016"
"SKT Alistar",975,alistar,Special Events,"skt","August 18, 2016"
"SKT Azir",975,azir,Special Events,"skt","August 18, 2016"
"SKT Elise",975,elise,Special Events,"skt","August 18, 2016"
"SKT Kalista",975,kalista,Special Events,"skt","August 18, 2016"
"SKT Renekton",975,renekton,Special Events,"skt","August 18, 2016"
"SKT Ryze",975,ryze,Special Events,"skt","August 18, 2016"
"Sir Kled",975,kled,,"sir","August 10, 2016"
"PROJECT: Ashe",1820,ashe,Legendary,"project","August 2, 2016"
"PROJECT: Ekko",1350,ekko,,"project","August 2, 2016"
"PROJECT: Katarina",1350,katarina,,"project","August 2, 2016"
"Pool Party Fiora",1350,fiora,,"pool-party","July 14, 2016"
"Pool Party Miss Fortune",1350,miss-fortune,,"pool-party","July 14, 2016"
"Pool Party Taric",1350,taric,,"pool-party","July 14, 2016"
"Soulstealer Vayne",,vayne,Hextech Crafting,"soulstealer","June 30, 2016"
"Deep Sea Nami",1350,nami,,"deep-sea","June 30, 2016"
"Dark Star Thresh",1820,thresh,Legendary,"dark-star","June 16, 2016"
"Dark Star Varus",1350,varus,,"dark-star","June 16, 2016"
"El Le√≥n Gnar",750,gnar,,"el-le-n","June 2, 2016"
"El Macho Mundo",1350,dr-mundo,,"el-macho-mundo","June 2, 2016"
"El Rayo Volibear",750,volibear,,"el-rayo","June 2, 2016"
"Super Galaxy Fizz",1350,fizz,,"super-galaxy","May 26, 2016"
"Super Galaxy Kindred",1350,kindred,,"super-galaxy","May 26, 2016"
"Super Galaxy Shyvana",1350,shyvana,,"super-galaxy","May 26, 2016"
"Freljord Taliyah",1350,taliyah,,"freljord","May 18, 2016"
"Iron Inquisitor Kayle",750,kayle,,"iron-inquisitor","May 5, 2016"
"Cursed Revenant Nocturne",750,nocturne,,"cursed-revenant","May 5, 2016"
"Black Scourge Singed",750,singed,,"black-scourge","May 5, 2016"
"Infernal Diana",1350,diana,Special Events,"infernal","April 21, 2016"
"Mecha Zero Sion",1820,sion,Legendary,"mecha-zero","April 14, 2016"
"Program Soraka",1350,soraka,,"program","April 7, 2016"
"Program Lissandra",1350,lissandra,,"program","April 7, 2016"
"Draven Draven",500,draven,Special Events,"","April 1, 2016"
"Urf Kench",750,tahm-kench,Special Events,"urf-kench","April 1, 2016"
"Definitely Not Vel'Koz",750,velkoz,Special Events,"definitely-not","April 1, 2016"
"Meowkai",1350,maokai,Special Events,"meowkai","April 1, 2016"
"Ashen Lord Aurelion Sol",1350,aurelion-sol,,"ashen-lord","March 24, 2016"
"Death Blossom Kha'Zix",975,khazix,,"death-blossom","March 17, 2016"
"Hextech Annie",,annie,Hextech Crafting,"hextech","March 15, 2016"
"Elderwood Leblanc",1350,leblanc,,"elderwood-leblanc","March 10, 2016"
"Blood Moon Kennen",975,kennen,,"blood-moon","February 25, 2016"
"Blood Moon Yasuo",975,yasuo,,"blood-moon","February 25, 2016"
"Heartseeker Orianna",1350,orianna,,"heartseeker","February 11, 2016"
"Sweetheart Sona",975,sona,,"sweetheart","February 11, 2016"
"Beast Hunter Draven",750,draven,,"beast-hunter","February 4, 2016"
"Beast Hunter Sejuani",750,sejuani,,"beast-hunter","February 4, 2016"
"Beast Hunter Tryndamere",750,tryndamere,,"beast-hunter","February 4, 2016"
"High Noon Jhin",1350,jhin,,"high-noon","February 1, 2016"
"Lunar Wraith Caitlyn",1350,caitlyn,Special Events,"lunar-wraith","January 27, 2016"
"Lunar Wraith Morgana",975,morgana,Special Events,"lunar-wraith","January 27, 2016"
"Radiant Wukong",1350,wukong,Special Events,"radiant","January 27, 2016"
"Challenger Nidalee",975,nidalee,Special Events,"challenger","January 14, 2016"
"Snow Day Bard",1350,bard,Special Events,"snow-day","December 10, 2015"
"Snow Day Gnar",975,gnar,Special Events,"snow-day","December 10, 2015"
"Snow Day Syndra",1350,syndra,Special Events,"snow-day","December 10, 2015"
"Braum Lionheart",750,braum,,"lionheart","December 7, 2015"
"Gragas Caskbreaker",750,gragas,,"caskbreaker","December 7, 2015"
"Ryze Whitebeard",750,ryze,,"whitebeard","December 7, 2015"
"Varus Swiftbolt",750,varus,,"swiftbolt","December 7, 2015"
"Dragon Trainer Tristana",1820,tristana,Legendary,"dragon-trainer","December 3, 2015"
"Gravelord Azir",1350,azir,,"gravelord","December 1, 2015"
"Elderwood Hecarim",1350,hecarim,,"elderwood","November 25, 2015"
"Void Bringer Illaoi",1350,illaoi,,"void-bringer","November 24, 2015"
"Victorious Sivir",,sivir,Special Events,"victorious","November 11, 2015"
"Slayer Jinx",1350,jinx,,"slayer","November 5, 2015"
"Zombie Nunu & Willump",1350,nunu-amp-willump,,"zombie","November 5, 2015"
"Slayer Pantheon",975,pantheon,,"slayer","November 5, 2015"
"Spirit Fire Brand",1350,brand,,"spirit-fire","October 22, 2015"
"Demon Vi",1350,vi,,"demon","October 20, 2015"
"Cosmic Reaver Kassadin",1350,kassadin,,"cosmic-reaver","October 15, 2015"
"Shadowfire Kindred",1350,kindred,,"shadowfire","October 14, 2015"
"Ironside Malphite",975,malphite,,"ironside","October 8, 2015"
"Marauder Alistar",750,alistar,,"marauder","October 1, 2015"
"Marauder Olaf",750,olaf,,"marauder","October 1, 2015"
"Warden Jax",750,jax,,"warden","October 1, 2015"
"Warden Karma",750,karma,,"warden","October 1, 2015"
"Championship Kalista",975,kalista,Special Events,"championship","September 28, 2015"
"PROJECT: Fiora",1350,fiora,,"project","September 8, 2015"
"PROJECT: Leona",1350,leona,,"project","September 8, 2015"
"PROJECT: Lucian",1350,lucian,,"project","September 8, 2015"
"PROJECT: Yi",1820,master-yi,Legendary,"project-yi","September 8, 2015"
"PROJECT: Zed",1350,zed,,"project","September 8, 2015"
"Academy Ahri",750,ahri,,"academy","August 27, 2015"
"Academy Darius",750,darius,,"academy","August 27, 2015"
"Academy Ekko",750,ekko,,"academy","August 27, 2015"
"Academy Vladimir",750,vladimir,,"academy","August 27, 2015"
"Arcade Riven",1350,riven,,"arcade","August 20, 2015"
"Battle Boss Blitzcrank",1350,blitzcrank,,"battle-boss","August 20, 2015"
"Cottontail Fizz",975,fizz,,"cottontail","August 10, 2015"
"Captain Gangplank",975,gangplank,,"captain","August 10, 2015"
"Captain Fortune",975,miss-fortune,,"captain-fortune","July 29, 2015"
"Sea Hunter Aatrox",750,aatrox,,"sea-hunter","July 23, 2015"
"Rogue Admiral Garen",750,garen,,"rogue-admiral","July 23, 2015"
"Corsair Quinn",750,quinn,,"corsair","July 23, 2015"
"Cutthroat Graves",750,graves,,"cutthroat","July 22, 2015"
"Cutpurse Twisted Fate",750,twisted-fate,,"cutpurse","July 22, 2015"
"Gentleman Gnar",975,gnar,,"gentleman","July 13, 2015"
"Master Chef Tahm Kench",975,tahm-kench,,"master-chef","July 9, 2015"
"Pool Party Dr. Mundo",975,dr-mundo,,"pool-party","June 26, 2015"
"Pool Party Draven",975,draven,,"pool-party","June 26, 2015"
"Pool Party Lulu",1350,lulu,,"pool-party","June 26, 2015"
"Pool Party Rek'Sai",1350,reksai,,"pool-party","June 26, 2015"
"Pool Party Zac",1350,zac,,"pool-party","June 26, 2015"
"Prehistoric Anivia",750,anivia,,"prehistoric","June 15, 2015"
"Prehistoric Cho'Gath",750,chogath,,"prehistoric","June 15, 2015"
"Prehistoric Renekton",750,renekton,,"prehistoric","June 15, 2015"
"Nightmare Tryndamere",750,tryndamere,,"nightmare","June 8, 2015"
"Order of the Lotus Irelia",750,irelia,,"order-of-the-lotus","June 4, 2015"
"Knockout Lee Sin",1350,lee-sin,,"knockout","June 1, 2015"
"Sandstorm Ekko",975,ekko,,"sandstorm","May 28, 2015"
"Ace of Spades Ezreal",750,ezreal,,"ace-of-spades","May 21, 2015"
"King of Clubs Mordekaiser",750,mordekaiser,,"king-of-clubs","May 21, 2015"
"Wild Card Shaco",750,shaco,,"wild-card","May 21, 2015"
"Queen of Diamonds Syndra",750,syndra,,"queen-of-diamonds","May 21, 2015"
"Star Guardian Lux",1350,lux,,"star-guardian","May 18, 2015"
"SSW Rengar",750,rengar,Special Events,"ssw","May 14, 2015"
"SSW Singed",750,singed,Special Events,"ssw","May 14, 2015"
"SSW Talon",750,talon,Special Events,"ssw","May 14, 2015"
"SSW Thresh",975,thresh,Special Events,"ssw","May 14, 2015"
"SSW Twitch",975,twitch,Special Events,"ssw","May 14, 2015"
"Blood Moon Zilean",975,zilean,,"blood-moon","May 11, 2015"
"Master Arcanist Ziggs",1350,ziggs,,"master-arcanist","May 7, 2015"
"Forsaken Jayce",1350,jayce,,"forsaken","May 4, 2015"
"Risen Fiddlesticks",1350,fiddlesticks,,"risen","April 29, 2015"
"Guardian of the Sands Rammus",975,rammus,,"guardian-of-the-sands","April 27, 2015"
"Guardian of the Sands Skarner",975,skarner,,"guardian-of-the-sands","April 27, 2015"
"Guardian of the Sands Xerath",1350,xerath,,"guardian-of-the-sands","April 27, 2015"
"Arclight Vayne",975,vayne,,"arclight","April 21, 2015"
"Debonair Galio",750,galio,,"debonair","April 14, 2015"
"Omega Squad Teemo",1820,teemo,Legendary,"omega-squad","April 9, 2015"
"Definitely Not Udyr",975,udyr,,"definitely-not","April 1, 2015"
"Surprise Party Amumu",1350,amumu,,"surprise-party","April 1, 2015"
"Archduke Nasus",750,nasus,,"archduke","April 1, 2015"
"Order of the Banana Soraka",750,soraka,,"order-of-the-banana","April 1, 2015"
"Urf the Nami-tee",750,nami,,"urf-the-tee","April 1, 2015"
"Headhunter Akali",1350,akali,,"headhunter","March 23, 2015"
"Secret Agent Xin Zhao",975,xin-zhao,,"secret-agent","March 16, 2015"
"Elderwood Bard",975,bard,,"elderwood","March 12, 2015"
"DJ Sona",3250,sona,Ultimate,"dj","February 25, 2015"
"Marauder Warwick",750,warwick,,"marauder","February 17, 2015"
"Marauder Ashe",750,ashe,,"marauder","February 17, 2015"
"Warden Nautilus",750,nautilus,,"warden","February 17, 2015"
"Warden Sivir",750,sivir,,"warden","February 17, 2015"
"Sweetheart Annie",750,annie,,"sweetheart","February 13, 2015"
"Heartseeker Varus",1350,varus,,"heartseeker","February 13, 2015"
"Firecracker Jinx",1350,jinx,Special Events,"firecracker","February 10, 2015"
"Warring Kingdoms Nidalee",975,nidalee,Special Events,"warring-kingdoms","February 10, 2015"
"Warring Kingdoms Katarina",975,katarina,Special Events,"warring-kingdoms","February 10, 2015"
"Arclight Vel'Koz",1350,velkoz,,"arclight","January 28, 2015"
"El Tigre Braum",1350,braum,,"el-tigre","January 21, 2015"
"Challenger Ahri",975,ahri,Special Events,"challenger","January 15, 2015"
"Blood Moon Elise",975,elise,,"blood-moon","January 8, 2015"
"Blood Moon Thresh",975,thresh,,"blood-moon","January 8, 2015"
"Snow Day Malzahar",975,malzahar,Special Events,"snow-day","December 16, 2014"
"Winter Wonder Orianna",975,orianna,Special Events,"winter-wonder","December 16, 2014"
"Poro Rider Sejuani",975,sejuani,Special Events,"poro-rider","December 16, 2014"
"Eternum Rek'Sai",1350,reksai,,"eternum","December 11, 2014"
"Safecracker Evelynn",750,evelynn,,"safecracker","November 28, 2014"
"Pickpocket Twitch",750,twitch,,"pickpocket","November 28, 2014"
"Constable Trundle",750,trundle,,"constable","November 28, 2014"
"Captain Volibear",750,volibear,,"captain","November 28, 2014"
"Battlecast Alpha Skarner",1820,skarner,Legendary,"battlecast-alpha","November 25, 2014"
"Battlecast Kog'Maw",1350,kogmaw,,"battlecast","November 25, 2014"
"Blood Moon Kalista",975,kalista,,"blood-moon","November 24, 2014"
"Victorious Morgana",,morgana,Special Events,"victorious","November 11, 2014"
"Reaper Soraka",1350,soraka,Legacy,"reaper","November 5, 2014"
"Ravenborn Leblanc",975,leblanc,Special Events,"ravenborn-leblanc","October 24, 2014"
"Underworld Wukong",1350,wukong,Special Events,"underworld","October 24, 2014"
"Championship Shyvana",975,shyvana,Special Events,"championship","October 14, 2014"
"Dunkmaster Darius",1820,darius,Legendary,"dunkmaster","October 13, 2014"
"Order of the Lotus Karma",975,karma,,"order-of-the-lotus","October 2, 2014"
"Fnatic Karthus",750,karthus,Special Events,"fnatic","September 25, 2014"
"Fnatic Jarvan IV",750,jarvan-iv,Special Events,"fnatic","September 25, 2014"
"Fnatic Janna",750,janna,Special Events,"fnatic","September 25, 2014"
"Fnatic Corki",750,corki,Special Events,"fnatic","September 25, 2014"
"Fnatic Gragas",750,gragas,Special Events,"fnatic","September 25, 2014"
"Galactic Azir",975,azir,,"galactic","September 16, 2014"
"Guardian of the Sands Kha'Zix",975,khazix,,"guardian-of-the-sands","September 10, 2014"
"Headhunter Caitlyn",975,caitlyn,,"headhunter","September 4, 2014"
"PROJECT: Yasuo",1350,yasuo,,"project","September 1, 2014"
"Final Boss Veigar",1820,veigar,Legendary,"final-boss","August 29, 2014"
"Arcade Miss Fortune",1350,miss-fortune,,"arcade","August 13, 2014"
"Dino Gnar",975,gnar,,"dino","August 13, 2014"
"Riot Kayle",975,kayle,Special Events,"riot","August 13, 2014"
"Debonair Ezreal",750,ezreal,,"debonair","August 6, 2014"
"Debonair Vi",750,vi,,"debonair","August 6, 2014"
"Mecha Aatrox",1350,aatrox,,"mecha","July 24, 2014"
"Mecha Malphite",1350,malphite,,"mecha","July 24, 2014"
"Hazmat Heimerdinger",975,heimerdinger,,"hazmat","July 14, 2014"
"Soulstealer Vladimir",1350,vladimir,,"soulstealer","July 10, 2014"
"Primetime Draven",975,draven,Legendary,"primetime","June 21, 2014"
"Sweeper Alistar",750,alistar,Special Events,"sweeper","June 18, 2014"
"Goalkeeper Maokai",750,maokai,Special Events,"goalkeeper","June 18, 2014"
"Striker Lucian",750,lucian,Special Events,"striker","June 18, 2014"
"Red Card Twisted Fate",750,twisted-fate,Special Events,"red-card","June 18, 2014"
"Superfan Gragas",750,gragas,Special Events,"superfan","June 18, 2014"
"Woad Scout Quinn",975,quinn,,"woad-scout","June 10, 2014"
"River Spirit Nami",975,nami,,"river-spirit","June 2, 2014"
"Blade Queen Lissandra",1350,lissandra,,"blade-queen","May 28, 2014"
"Night Hunter Rengar",975,rengar,,"night-hunter","May 20, 2014"
"Dragonslayer Braum",975,braum,,"dragonslayer","May 15, 2014"
"Dragonslayer Pantheon",1350,pantheon,,"dragonslayer","May 15, 2014"
"SKT Vayne",750,vayne,Special Events,"skt","May 5, 2014"
"SKT Lee Sin",750,lee-sin,Special Events,"skt","May 5, 2014"
"SKT Jax",750,jax,Special Events,"skt","May 5, 2014"
"SKT Zyra",750,zyra,Special Events,"skt","May 5, 2014"
"SKT Zed",750,zed,Special Events,"skt","May 5, 2014"
"Atlantean Syndra",975,syndra,,"atlantean","April 30, 2014"
"Void Fizz",1350,fizz,,"void","April 7, 2014"
"Super Galaxy Rumble",1820,rumble,Legendary,"super-galaxy","April 3, 2014"
"Arctic Ops Varus",1350,varus,,"arctic-ops","March 20, 2014"
"Battlecast Vel'Koz",1350,velkoz,,"battlecast","February 27, 2014"
"Heartseeker Ashe",975,ashe,,"heartseeker","February 14, 2014"
"Scorched Earth Renekton",975,renekton,,"scorched-earth","February 10, 2014"
"Lunar Goddess Diana",975,diana,Special Events,"lunar-goddess","January 28, 2014"
"Dragonblade Riven",975,riven,Special Events,"dragonblade","January 28, 2014"
"Warring Kingdoms Tryndamere",975,tryndamere,Special Events,"warring-kingdoms","January 28, 2014"
"Winter Wonder Lulu",1350,lulu,Special Events,"winter-wonder","December 19, 2013"
"Snow Day Singed",975,singed,Special Events,"snow-day","December 19, 2013"
"Snowstorm Sivir",975,sivir,Special Events,"snowstorm","December 19, 2013"
"High Noon Yasuo",975,yasuo,,"high-noon","December 13, 2013"
"Popstar Ahri",975,ahri,,"popstar","November 25, 2013"
"Infernal Nasus",1820,nasus,Legendary,"infernal","November 21, 2013"
"Sultan Gangplank",975,gangplank,,"sultan","November 13, 2013"
"Victorious Elise",,elise,Special Events,"victorious","November 12, 2013"
"Officer Vi",975,vi,,"officer","October 30, 2013"
"Haunted Zyra",1350,zyra,Special Events,"haunted","October 30, 2013"
"Crime City Jinx",975,jinx,,"crime-city","October 10, 2013"
"Championship Thresh",975,thresh,Special Events,"championship","October 4, 2013"
"Creator Viktor",1350,viktor,,"creator","October 1, 2013"
"Pool Party Graves",1350,graves,,"pool-party","September 10, 2013"
"Pool Party Lee Sin",1350,lee-sin,,"pool-party","September 10, 2013"
"Pool Party Leona",1350,leona,,"pool-party","September 10, 2013"
"Pool Party Renekton",1350,renekton,,"pool-party","September 10, 2013"
"Forecast Janna",1820,janna,Legendary,"forecast","September 5, 2013"
"Riot Blitzcrank",975,blitzcrank,Special Events,"riot","August 22, 2013"
"Arcade Hecarim",1350,hecarim,,"arcade","August 22, 2013"
"Hired Gun Lucian",975,lucian,,"hired-gun","August 22, 2013"
"Bear Cavalry Sejuani",1350,sejuani,,"bear-cavalry","August 1, 2013"
"Spirit Guard Udyr",3250,udyr,Ultimate,"spirit-guard","July 17, 2013"
"Woad King Darius",975,darius,,"woad-king","June 18, 2013"
"Ghost Bride Morgana",975,morgana,,"ghost-bride","June 15, 2013"
"Justicar Aatrox",975,aatrox,,"justicar","June 13, 2013"
"TPA Dr. Mundo",750,dr-mundo,Special Events,"tpa","May 24, 2013"
"TPA Ezreal",750,ezreal,Special Events,"tpa","May 24, 2013"
"TPA Nunu & Willump",750,nunu-amp-willump,Special Events,"tpa","May 24, 2013"
"TPA Orianna",750,orianna,Special Events,"tpa","May 24, 2013"
"TPA Shen",750,shen,Special Events,"tpa","May 24, 2013"
"Traditional Trundle",,trundle,Legacy,"traditional","April 30, 2013"
"Bloodstone Lissandra",975,lissandra,,"bloodstone","April 30, 2013"
"Blackfrost Anivia",1820,anivia,Legendary,"blackfrost","April 30, 2013"
"Ice Drake Shyvana",975,shyvana,,"ice-drake","April 30, 2013"
"Runeguard Volibear",975,volibear,,"runeguard","April 30, 2013"
"Traditional Sejuani",,sejuani,Legacy,"traditional","April 29, 2013"
"Special Weapon Zac",975,zac,,"special-weapon","March 29, 2013"
"Traditional Karma",,karma,Legacy,"traditional","March 29, 2013"
"Gladiator Draven",975,draven,,"gladiator","March 25, 2013"
"Headhunter Nidalee",975,nidalee,,"headhunter","March 20, 2013"
"Celestine Soraka",975,soraka,,"celestine","March 5, 2013"
"Phoenix Quinn",975,quinn,,"phoenix","March 1, 2013"
"iBlitzcrank",1350,blitzcrank,,"i","March 1, 2013"
"Debonair Jayce",975,jayce,,"debonair","February 12, 2013"
"Panda Annie",975,annie,Special Events,"panda","February 8, 2013"
"Jade Fang Cassiopeia",975,cassiopeia,Special Events,"jade-fang","February 8, 2013"
"Dragonwing Corki",975,corki,Special Events,"dragonwing","February 8, 2013"
"Warring Kingdoms Jarvan IV",1350,jarvan-iv,Special Events,"warring-kingdoms","February 8, 2013"
"Warring Kingdoms Xin Zhao",1350,xin-zhao,Special Events,"warring-kingdoms","February 8, 2013"
"Steel Legion Lux",975,lux,,"steel-legion","February 2, 2013"
"Steel Legion Garen",1350,garen,,"steel-legion","February 2, 2013"
"Deep Terror Thresh",975,thresh,,"deep-terror","January 23, 2013"
"Aether Wing Kayle",1820,kayle,Legendary,"aether-wing","January 17, 2013"
"Masked Shaco",975,shaco,,"masked","January 9, 2013"
"Neon Strike Vi",975,vi,,"neon-strike","December 20, 2012"
"Dark Candy Fiddlesticks",975,fiddlesticks,Special Events,"dark-candy","December 14, 2012"
"Slay Belle Katarina",975,katarina,Special Events,"slay-belle","December 14, 2012"
"Bad Santa Veigar",975,veigar,Special Events,"bad-santa","December 14, 2012"
"Snow Day Ziggs",975,ziggs,Special Events,"snow-day","December 14, 2012"
"Koi Nami",975,nami,,"koi","December 8, 2012"
"Arclight Varus",975,varus,,"arclight","December 5, 2012"
"Eternum Nocturne",1820,nocturne,Legendary,"eternum","December 5, 2012"
"Bioforge Darius",975,darius,,"bioforge","November 13, 2012"
"Dragon Trainer Lulu",1350,lulu,,"dragon-trainer","November 13, 2012"
"Shockblade Zed",975,zed,,"shockblade","November 13, 2012"
"Victorious Janna",,janna,Special Events,"victorious","November 12, 2012"
"Zombie Brand",1820,brand,Special Events,"zombie","October 26, 2012"
"Death Blossom Elise",975,elise,,"death-blossom","October 26, 2012"
"Headmistress Fiora",975,fiora,Special Events,"headmistress","October 26, 2012"
"Headless Hecarim",975,hecarim,Special Events,"headless","October 26, 2012"
"Haunted Maokai",975,maokai,Special Events,"haunted","October 26, 2012"
"Pirate Ryze",975,ryze,Special Events,"pirate","October 26, 2012"
"Underworld Twisted Fate",975,twisted-fate,Special Events,"underworld","October 26, 2012"
"Rocket Girl Tristana",975,tristana,,"rocket-girl","October 19, 2012"
"Championship Riven",975,riven,Special Events,"championship","October 14, 2012"
"Battlecast Prime Cho'Gath",1820,chogath,Legendary,"battlecast-prime","October 3, 2012"
"Pentakill Olaf",975,olaf,,"pentakill","October 1, 2012"
"Mecha Kha'Zix",1350,khazix,,"mecha","September 27, 2012"
"Sultan Tryndamere",975,tryndamere,,"sultan","September 27, 2012"
"Oktoberfest Gragas",975,gragas,,"oktoberfest","September 21, 2012"
"Nemesis Jax",975,jax,,"nemesis","September 14, 2012"
"Special Forces Gangplank",975,gangplank,,"special-forces","September 13, 2012"
"Justicar Syndra",975,syndra,,"justicar","September 13, 2012"
"AstroNautilus",1350,nautilus,,"astro","September 4, 2012"
"Pool Party Ziggs",1350,ziggs,,"pool-party","September 4, 2012"
"Arcade Sona",1350,sona,,"arcade","August 31, 2012"
"Headhunter Rengar",975,rengar,,"headhunter","August 21, 2012"
"Riot Graves",975,graves,Special Events,"riot","August 16, 2012"
"Riot K-9 Nasus",975,nasus,Special Events,"riot-k-9","August 16, 2012"
"Full Metal Rammus",975,rammus,,"full-metal","August 16, 2012"
"Dark Valkyrie Diana",975,diana,,"dark-valkyrie","August 7, 2012"
"Rageborn Mundo",975,dr-mundo,,"rageborn-mundo","July 27, 2012"
"Muay Thai Lee Sin",975,lee-sin,,"muay-thai","July 24, 2012"
"Wildfire Zyra",975,zyra,,"wildfire","July 24, 2012"
"Mythic Cassiopeia",975,cassiopeia,,"mythic","July 19, 2012"
"Infernal Alistar",975,alistar,,"infernal","July 13, 2012"
"Scorched Earth Xerath",1350,xerath,,"scorched-earth","July 13, 2012"
"Foxfire Ahri",975,ahri,,"foxfire","July 11, 2012"
"Glacial Malphite",1350,malphite,,"glacial","July 11, 2012"
"Augmented Singed",975,singed,,"augmented","July 9, 2012"
"Panda Teemo",975,teemo,,"panda","July 9, 2012"
"Full Metal Jayce",1350,jayce,,"full-metal","July 7, 2012"
"Pulsefire Ezreal",3250,ezreal,Ultimate,"pulsefire","June 29, 2012"
"Blast Zone Heimerdinger",520,heimerdinger,,"blast-zone","June 24, 2012"
"Soul Reaver Draven",1350,draven,,"soul-reaver","June 6, 2012"
"Glaive Warrior Pantheon",975,pantheon,,"glaive-warrior","May 30, 2012"
"Sad Robot Amumu",1350,amumu,,"sad-robot","May 28, 2012"
"Darkflame Shyvana",975,shyvana,,"darkflame","May 28, 2012"
"Lord Darius",975,darius,,"lord","May 23, 2012"
"Blackthorn Morgana",1350,morgana,,"blackthorn","May 23, 2012"
"Tyrant Swain",1350,swain,,"tyrant","May 23, 2012"
"Blight Crystal Varus",975,varus,,"blight-crystal","May 8, 2012"
"Frostblade Irelia",975,irelia,,"frostblade","May 1, 2012"
"Rune Wars Renekton",975,renekton,Legacy,"rune-wars","May 1, 2012"
"Gatekeeper Galio",1820,galio,Legendary,"gatekeeper","April 23, 2012"
"Blood Knight Hecarim",975,hecarim,,"blood-knight","April 18, 2012"
"Reaper Hecarim",975,hecarim,,"reaper","April 18, 2012"
"Warlord Shen",975,shen,,"warlord","April 18, 2012"
"Battle Bunny Riven",975,riven,,"battle-bunny","April 6, 2012"
"Crime City Graves",975,graves,,"crime-city","April 2, 2012"
"Fisherman Fizz",975,fizz,,"fisherman","April 1, 2012"
"Jurassic Kog'Maw",975,kogmaw,,"jurassic","March 23, 2012"
"Bittersweet Lulu",975,lulu,,"bittersweet","March 20, 2012"
"Wicked Lulu",975,lulu,,"wicked","March 20, 2012"
"Battlecast Urgot",1350,urgot,,"battlecast","March 5, 2012"
"Vandal Gragas",975,gragas,Legacy,"vandal","March 3, 2012"
"Royal Guard Fiora",520,fiora,,"royal-guard","February 29, 2012"
"Nightraven Fiora",750,fiora,,"nightraven","February 29, 2012"
"Bladecraft Orianna",975,orianna,,"bladecraft","February 29, 2012"
"Dark Crystal Ryze",975,ryze,,"dark-crystal","February 20, 2012"
"Abyssal Nautilus",975,nautilus,,"abyssal","February 14, 2012"
"Subterranean Nautilus",975,nautilus,,"subterranean","February 14, 2012"
"Heartseeker Vayne",975,vayne,,"heartseeker","February 14, 2012"
"Iron Solari Leona",975,leona,,"iron-solari","February 10, 2012"
"Headhunter Master Yi",975,master-yi,,"headhunter","February 9, 2012"
"Scarlet Hammer Poppy",975,poppy,,"scarlet-hammer","February 1, 2012"
"Mad Scientist Ziggs",975,ziggs,,"mad-scientist","February 1, 2012"
"Major Ziggs",975,ziggs,Legacy,"major","February 1, 2012"
"Sabretusk Sejuani",975,sejuani,Legacy,"sabretusk","January 17, 2012"
"Darkrider Sejuani",975,sejuani,,"darkrider","January 17, 2012"
"Dragon Fist Lee Sin",975,lee-sin,Special Events,"dragon-fist","January 10, 2012"
"Guqin Sona",975,sona,Special Events,"guqin","January 10, 2012"
"Dragonblade Talon",975,talon,Special Events,"dragonblade","January 10, 2012"
"Jade Dragon Wukong",975,wukong,Special Events,"jade-dragon","January 10, 2012"
"Sandstorm Katarina",975,katarina,,"sandstorm","January 2, 2012"
"Superb Villain Veigar",975,veigar,,"superb-villain","January 2, 2012"
"Arctic Warfare Caitlyn",750,caitlyn,,"arctic-warfare","December 29, 2011"
"Arctic Ops Kennen",975,kennen,,"arctic-ops","December 29, 2011"
"Full Machine Viktor",975,viktor,,"full-machine","December 29, 2011"
"Prototype Viktor",520,viktor,Legacy,"prototype","December 29, 2011"
"Dynasty Ahri",975,ahri,,"dynasty","December 14, 2011"
"Midnight Ahri",750,ahri,,"midnight","December 14, 2011"
"Toy Soldier Gangplank",975,gangplank,Special Events,"toy-soldier","December 13, 2011"
"Snowmerdinger",975,heimerdinger,Special Events,"snowmerdinger","December 13, 2011"
"Mistletoe LeBlanc",975,leblanc,Special Events,"mistletoe","December 13, 2011"
"Festive Maokai",975,maokai,Special Events,"festive","December 13, 2011"
"Frost Queen Janna",975,janna,,"frost-queen","December 5, 2011"
"Hyena Warwick",975,warwick,,"hyena","December 5, 2011"
"Silverfang Akali",975,akali,,"silverfang","November 29, 2011"
"Imperial Lux",975,lux,Legacy,"imperial","November 29, 2011"
"Thunder Lord Volibear",520,volibear,,"thunder-lord","November 29, 2011"
"Northern Storm Volibear",750,volibear,,"northern-storm","November 29, 2011"
"Musketeer Twisted Fate",750,twisted-fate,,"musketeer","November 21, 2011"
"Blood Lord Vladimir",1820,vladimir,Legendary,"blood-lord","November 21, 2011"
"Atlantean Fizz",520,fizz,,"atlantean","November 15, 2011"
"Amethyst Ashe",975,ashe,,"amethyst","November 15, 2011"
"Tundra Fizz",750,fizz,,"tundra","November 15, 2011"
"Temple Jax",750,jax,,"temple","November 15, 2011"
"Asylum Shaco",975,shaco,,"asylum","November 7, 2011"
"Jurassic Cho'Gath",975,chogath,,"jurassic","November 1, 2011"
"Crime City Miss Fortune",975,miss-fortune,,"crime-city","November 1, 2011"
"Boneclaw Shyvana",520,shyvana,,"boneclaw","November 1, 2011"
"Ironscale Shyvana",750,shyvana,,"ironscale","November 1, 2011"
"Surprise Party Fiddlesticks",975,fiddlesticks,Legendary,"surprise-party","October 27, 2011"
"FrankenTibbers Annie",975,annie,Special Events,"frankentibbers","October 19, 2011"
"Definitely Not Blitzcrank",520,blitzcrank,Special Events,"definitely-not","October 19, 2011"
"Hired Gun Graves",520,graves,,"hired-gun","October 19, 2011"
"Jailbreak Graves",975,graves,Legacy,"jailbreak","October 19, 2011"
"Bewitching Nidalee",975,nidalee,Special Events,"bewitching","October 19, 2011"
"Haunting Nocturne",520,nocturne,Special Events,"haunting","October 19, 2011"
"Super Teemo",975,teemo,,"super","October 10, 2011"
"Cryocore Brand",975,brand,,"cryocore","October 5, 2011"
"Officer Caitlyn",975,caitlyn,,"officer","October 5, 2011"
"Infiltrator Irelia",975,irelia,Legacy,"infiltrator","October 5, 2011"
"Battlecast Xerath",520,xerath,,"battlecast","October 5, 2011"
"Runeborn Xerath",750,xerath,,"runeborn","October 5, 2011"
"Winged Hussar Xin Zhao",975,xin-zhao,Legacy,"winged-hussar","September 27, 2011"
"Unchained Alistar",,alistar,,"unchained","September 23, 2011"
"Deep Sea Kog'Maw",975,kogmaw,,"deep-sea","September 19, 2011"
"Overlord Malzahar",975,malzahar,,"overlord","September 19, 2011"
"Crimson Elite Riven",520,riven,,"crimson-elite","September 14, 2011"
"Redeemed Riven",975,riven,,"redeemed","September 14, 2011"
"Reverse Annie",975,annie,,"reverse","September 5, 2011"
"Pentakill Karthus",750,karthus,,"pentakill","August 29, 2011"
"Mad Scientist Singed",750,singed,Legacy,"mad-scientist","August 27, 2011"
"PAX Sivir",,sivir,Special Events,"pax","August 26, 2011"
"Demolisher Nunu & Willump",975,nunu-amp-willump,,"demolisher","August 24, 2011"
"Renegade Talon",520,talon,,"renegade","August 24, 2011"
"Crimson Elite Talon",750,talon,,"crimson-elite","August 24, 2011"
"Dragonslayer Vayne",975,vayne,,"dragonslayer","August 24, 2011"
"Victorious Jarvan",,jarvan-iv,Special Events,"victorious-jarvan","August 23, 2011"
"Judgement Kayle",,kayle,Limited Edition,"judgement","August 23, 2011"
"Rugged Garen",750,garen,,"rugged","August 15, 2011"
"Obsidian Malphite",975,malphite,Legacy,"obsidian","August 15, 2011"
"Sandscourge Skarner",975,skarner,,"sandscourge","August 9, 2011"
"Earthrune Skarner",520,skarner,,"earthrune","August 9, 2011"
"Bloodstone Taric",975,taric,,"bloodstone","August 9, 2011"
"Full Metal Pantheon",975,pantheon,,"full-metal","August 1, 2011"
"Demonblade Tryndamere",1820,tryndamere,Legendary,"demonblade","August 1, 2011"
"Buccaneer Tristana",520,tristana,,"buccaneer","July 27, 2011"
"Darkforge Jarvan",975,jarvan-iv,,"darkforge-jarvan","July 26, 2011"
"Bloodfury Renekton",975,renekton,,"bloodfury","July 26, 2011"
"Volcanic Wukong",975,wukong,,"volcanic","July 26, 2011"
"General Wukong",750,wukong,,"general","July 26, 2011"
"Little Knight Amumu",750,amumu,,"little-knight","July 18, 2011"
"Warmonger Sion",975,sion,,"warmonger","July 18, 2011"
"Harbinger Kassadin",975,kassadin,,"harbinger","July 13, 2011"
"Defender Leona",750,leona,Legacy,"defender","July 13, 2011"
"Valkyrie Leona",520,leona,,"valkyrie","July 13, 2011"
"Blood Moon Akali",975,akali,,"blood-moon","July 7, 2011"
"Baron Von Veigar",975,veigar,Legacy,"baron-von","June 27, 2011"
"Viking Tryndamere",750,tryndamere,Legacy,"viking","June 24, 2011"
"Undertaker Yorick",520,yorick,,"undertaker","June 22, 2011"
"Pentakill Yorick",975,yorick,,"pentakill","June 22, 2011"
"Executioner Mundo",520,dr-mundo,Legacy,"executioner-mundo","June 17, 2011"
"Commando Lux",520,lux,,"commando","June 17, 2011"
"Ravager Nocturne",520,nocturne,,"ravager","June 13, 2011"
"Blood Moon Shen",750,shen,,"blood-moon","June 7, 2011"
"Gothic Orianna",520,orianna,,"gothic","June 1, 2011"
"Sewn Chaos Orianna",520,orianna,,"sewn-chaos","June 1, 2011"
"Frostfire Annie",975,annie,,"frostfire","May 24, 2011"
"Road Warrior Miss Fortune",520,miss-fortune,Legacy,"road-warrior","May 24, 2011"
"Ninja Rammus",975,rammus,,"ninja","May 18, 2011"
"High Noon Twisted Fate",975,twisted-fate,,"high-noon","May 18, 2011"
"Safari Caitlyn",975,caitlyn,Legacy,"safari","May 10, 2011"
"Jaximus",975,jax,,"imus","May 10, 2011"
"Lord Mordekaiser",975,mordekaiser,,"lord","May 10, 2011"
"Vindicator Vayne",520,vayne,Legacy,"vindicator","May 10, 2011"
"Aristocrat Vayne",520,vayne,,"aristocrat","May 10, 2011"
"Tribal Ryze",520,ryze,Legacy,"tribal","May 4, 2011"
"Nunu & Willump Bot",1820,nunu-amp-willump,Legendary,"bot","May 2, 2011"
"Fiddle Me Timbers",750,fiddlesticks,Legacy,"fiddle-me-timbers","April 26, 2011"
"Rumble in the Jungle",975,rumble,,"in-the-jungle","April 26, 2011"
"Bilgerat Rumble",520,rumble,Legacy,"bilgerat","April 26, 2011"
"Dreadknight Nasus",975,nasus,,"dreadknight","April 25, 2011"
"Cottontail Teemo",975,teemo,,"cottontail","April 19, 2011"
"Battleborn Kayle",975,kayle,,"battleborn","April 18, 2011"
"Apocalyptic Brand",750,brand,,"apocalyptic","April 12, 2011"
"Vandal Brand",520,brand,Legacy,"vandal","April 12, 2011"
"Gragas, Esq.",975,gragas,,"esq","April 12, 2011"
"Time Machine Zilean",520,zilean,Legacy,"time-machine","April 12, 2011"
"Urfrider Corki",975,corki,,"urfrider","April 4, 2011"
"Traditional Lee Sin",520,lee-sin,,"traditional","April 1, 2011"
"Acolyte Lee Sin",750,lee-sin,,"acolyte","April 1, 2011"
"Kennen M.D.",975,kennen,,"m-d","March 29, 2011"
"Workshop Shaco",975,shaco,Legacy,"workshop","March 29, 2011"
"Firefang Warwick",975,warwick,,"firefang","March 29, 2011"
"Marble Malphite",520,malphite,Legacy,"marble","March 21, 2011"
"Bandit Sivir",750,sivir,,"bandit","March 21, 2011"
"Leprechaun Veigar",520,veigar,,"leprechaun","March 15, 2011"
"Frozen Terror Nocturne",975,nocturne,,"frozen-terror","March 14, 2011"
"Void Nocturne",520,nocturne,Legacy,"void","March 14, 2011"
"Battle Regalia Poppy",520,poppy,,"battle-regalia","March 14, 2011"
"Piltover Customs Blitzcrank",1350,blitzcrank,,"piltover-customs","March 7, 2011"
"Samurai Yi",520,master-yi,,"samurai-yi","March 7, 2011"
"Hextech Anivia",750,anivia,,"hextech","March 1, 2011"
"Loch Ness Cho'Gath",520,chogath,,"loch-ness","March 1, 2011"
"Commando Jarvan",520,jarvan-iv,,"commando-jarvan","March 1, 2011"
"Dragonslayer Jarvan IV",750,jarvan-iv,,"dragonslayer","March 1, 2011"
"High Command Katarina",750,katarina,,"high-command","February 22, 2011"
"Vandal Twitch",975,twitch,Legacy,"vandal","February 21, 2011"
"Huntress Sivir",,sivir,Collector's Edition,"huntress","February 20, 2011"
"Longhorn Alistar",520,alistar,Legacy,"longhorn","February 16, 2011"
"Totemic Maokai",520,maokai,,"totemic","February 16, 2011"
"Charred Maokai",975,maokai,,"charred","February 16, 2011"
"Almost Prom King Amumu",520,amumu,Legacy,"almost-prom-king","February 7, 2011"
"Prom Queen Annie",520,annie,Legacy,"prom-queen","February 7, 2011"
"Sakura Karma",520,karma,,"sakura","February 1, 2011"
"Sun Goddess Karma",750,karma,Legacy,"sun-goddess","February 1, 2011"
"Lion Dance Kog'Maw",1350,kogmaw,,"lion-dance","February 1, 2011"
"Djinn Malzahar",520,malzahar,,"djinn","February 1, 2011"
"Lumberjack Sion",520,sion,,"lumberjack","January 24, 2011"
"Vandal Vladimir",975,vladimir,Legacy,"vandal","January 24, 2011"
"Commando Galio",520,galio,,"commando","January 18, 2011"
"Dreadknight Garen",975,garen,,"dreadknight","January 18, 2011"
"Galactic Renekton",520,renekton,Legacy,"galactic","January 18, 2011"
"Outback Renekton",520,renekton,,"outback","January 18, 2011"
"Sailor Gangplank",750,gangplank,Legacy,"sailor","January 10, 2011"
"Pharaoh Nidalee",520,nidalee,,"pharaoh","January 10, 2011"
"Nurse Akali",975,akali,,"nurse","January 4, 2011"
"Resistance Caitlyn",520,caitlyn,,"resistance","January 4, 2011"
"Sheriff Caitlyn",520,caitlyn,Legacy,"sheriff","January 4, 2011"
"Surgeon Shen",975,shen,,"surgeon","January 4, 2011"
"Re-Gifted Amumu",520,amumu,Special Events,"re-gifted","December 14, 2010"
"Desperada Cassiopeia",520,cassiopeia,,"desperada","December 14, 2010"
"Siren Cassiopeia",520,cassiopeia,,"siren","December 14, 2010"
"Santa Gragas",975,gragas,Special Events,"santa","December 14, 2010"
"Reindeer Kog'Maw",975,kogmaw,Special Events,"reindeer","December 14, 2010"
"Candy Cane Miss Fortune",975,miss-fortune,Special Events,"candy-cane","December 14, 2010"
"Ragdoll Poppy",975,poppy,Special Events,"ragdoll","December 14, 2010"
"Nutcracko",975,shaco,Special Events,"nutcracko","December 14, 2010"
"Silent Night Sona",520,sona,Special Events,"silent-night","December 14, 2010"
"Surfer Singed",975,singed,,"surfer","December 6, 2010"
"Primal Udyr",975,udyr,Legacy,"primal","December 6, 2010"
"Blade Mistress Morgana",750,morgana,,"blade-mistress","December 1, 2010"
"Brolaf",1820,olaf,Legendary,"brolaf","December 1, 2010"
"Lil Slugger Trundle",520,trundle,,"lil-slugger","December 1, 2010"
"Junkyard Trundle",750,trundle,,"junkyard","December 1, 2010"
"Piltover Customs Heimerdinger",975,heimerdinger,,"piltover-customs","November 22, 2010"
"Freljord Rammus",520,rammus,,"freljord","November 22, 2010"
"Viscero Xin Zhao",975,xin-zhao,Legacy,"viscero","November 22, 2010"
"Nightblade Irelia",520,irelia,,"nightblade","November 16, 2010"
"Aviator Irelia",520,irelia,,"aviator","November 16, 2010"
"Monarch Kog'Maw",520,kogmaw,,"monarch","November 16, 2010"
"Secret Agent Miss Fortune",975,miss-fortune,Legacy,"secret-agent","November 16, 2010"
"Feral Warwick",975,warwick,Legacy,"feral","November 16, 2010"
"Hextech Janna",975,janna,,"hextech","November 8, 2010"
"Karate Kennen",520,kennen,,"karate","November 8, 2010"
"Coral Reef Malphite",750,malphite,Legacy,"coral-reef","November 8, 2010"
"Prestigious LeBlanc",520,leblanc,,"prestigious","November 2, 2010"
"Wicked LeBlanc",750,leblanc,,"wicked","November 2, 2010"
"Pharaoh Nasus",520,nasus,,"pharaoh","November 2, 2010"
"Perseus Pantheon",750,pantheon,Legacy,"perseus","November 2, 2010"
"Divine Soraka",975,soraka,,"divine","November 2, 2010"
"Astronaut Teemo",1350,teemo,,"astronaut","October 27, 2010"
"Pumpkinhead Fiddlesticks",975,fiddlesticks,Special Events,"pumpkinhead","October 19, 2010"
"Spellthief Lux",750,lux,,"spellthief","October 19, 2010"
"Sorceress Lux",520,lux,,"sorceress","October 19, 2010"
"Mundo Mundo",975,dr-mundo,Special Events,"mundo-mundo","October 18, 2010"
"Kitty Cat Katarina",975,katarina,Special Events,"kitty-cat","October 18, 2010"
"Lollipoppy",975,poppy,Special Events,"lollipoppy","October 18, 2010"
"Zombie Ryze",975,ryze,Special Events,"zombie","October 18, 2010"
"Nosferatu Vladimir",975,vladimir,Special Events,"nosferatu","October 18, 2010"
"Explorer Ezreal",750,ezreal,Legacy,"explorer","October 13, 2010"
"Crime City Twitch",975,twitch,,"crime-city","October 13, 2010"
"Tango Evelynn",520,evelynn,,"tango","October 5, 2010"
"Professor Ryze",975,ryze,Legacy,"professor","October 5, 2010"
"Northern Front Swain",750,swain,,"northern-front","October 5, 2010"
"Bilgewater Swain",520,swain,,"bilgewater","October 5, 2010"
"Tango Twisted Fate",520,twisted-fate,,"tango","October 5, 2010"
"Grim Reaper Karthus",975,karthus,,"grim-reaper","September 27, 2010"
"Pre-Void Kassadin",520,kassadin,,"pre-void","September 27, 2010"
"Barbarian Sion",750,sion,,"barbarian","September 27, 2010"
"Queen Ashe",975,ashe,Legacy,"queen","September 21, 2010"
"Pentakill Mordekaiser",975,mordekaiser,,"pentakill","September 21, 2010"
"Muse Sona",975,sona,Legacy,"muse","September 21, 2010"
"Pentakill Sona",975,sona,,"pentakill","September 21, 2010"
"King Tryndamere",520,tryndamere,,"king","September 21, 2010"
"Corporate Mundo",1820,dr-mundo,Legendary,"corporate-mundo","September 13, 2010"
"Ionia Master Yi",975,master-yi,,"ionia","September 13, 2010"
"Royal Shaco",520,shaco,,"royal","September 13, 2010"
"Commando Garen",520,garen,,"commando","September 8, 2010"
"Cowgirl Miss Fortune",750,miss-fortune,,"cowgirl","September 8, 2010"
"Waterloo Miss Fortune",520,miss-fortune,,"waterloo","September 8, 2010"
"Veigar Greybeard",750,veigar,,"greybeard","September 8, 2010"
"Shurima Desert Zilean",975,zilean,,"shurima-desert","September 8, 2010"
"PAX Jax",,jax,Special Events,"pax","September 3, 2010"
"Sinful Succulence Morgana",975,morgana,Legacy,"sinful-succulence","September 3, 2010"
"Triumphant Ryze",,ryze,Limited Edition,"triumphant","September 1, 2010"
"Boom Boom Blitzcrank",520,blitzcrank,,"boom-boom","August 30, 2010"
"Bilgewater Katarina",975,katarina,,"bilgewater","August 30, 2010"
"Noxus Hunter Anivia",520,anivia,Legacy,"noxus-hunter","August 24, 2010"
"Blacksmith Poppy",975,poppy,Legacy,"blacksmith","August 24, 2010"
"Giant Enemy Crabgot",520,urgot,,"giant-enemy-crabgot","August 24, 2010"
"Butcher Urgot",520,urgot,Legacy,"butcher","August 24, 2010"
"Riot Squad Singed",975,singed,Special Events,"riot-squad","August 18, 2010"
"Annie in Wonderland",1820,annie,Legacy,"in-wonderland","August 16, 2010"
"Hextech Singed",520,singed,,"hextech","August 16, 2010"
"Tundra Hunter Warwick",520,warwick,,"tundra-hunter","August 16, 2010"
"Bandito Fiddlesticks",520,fiddlesticks,,"bandito","August 10, 2010"
"Enchanted Galio",520,galio,,"enchanted","August 10, 2010"
"Hextech Galio",520,galio,Legacy,"hextech","August 10, 2010"
"Grungy Nunu & Willump",750,nunu-amp-willump,,"grungy","August 10, 2010"
"Guerilla Tristana",975,tristana,Legacy,"guerilla","August 10, 2010"
"Emumu",520,amumu,,"emumu","August 2, 2010"
"Hillbilly Gragas",520,gragas,,"hillbilly","August 2, 2010"
"Deep One Kassadin",520,kassadin,Legacy,"deep-one","August 2, 2010"
"Hot Rod Corki",520,corki,Legacy,"hot-rod","July 27, 2010"
"Count Vladimir",520,vladimir,Legacy,"count","July 27, 2010"
"Marquis Vladimir",520,vladimir,,"marquis","July 27, 2010"
"Groovy Zilean",520,zilean,,"groovy","July 27, 2010"
"Woad Ashe",520,ashe,,"woad","July 19, 2010"
"Frosted Ezreal",520,ezreal,,"frosted","July 19, 2010"
"Black Belt Udyr",520,udyr,,"black-belt","July 19, 2010"
"Alien Invader Heimerdinger",1820,heimerdinger,Legacy,"alien-invader","July 14, 2010"
"Galactic Nasus",520,nasus,,"galactic","July 14, 2010"
"Molten Rammus",975,rammus,Legacy,"molten","July 14, 2010"
"Tempest Janna",520,janna,Legacy,"tempest","July 13, 2010"
"Transcended Kayle",975,kayle,Legacy,"transcended","July 13, 2010"
"Commando Xin Zhao",520,xin-zhao,,"commando","July 13, 2010"
"Imperial Xin Zhao",520,xin-zhao,,"imperial","July 13, 2010"
"Medieval Twitch",,twitch,Limited Edition,"medieval","July 9, 2010"
"Minuteman Gangplank",520,gangplank,,"minuteman","July 4, 2010"
"Statue of Karthus",520,karthus,,"statue-of","July 4, 2010"
"Uncle Ryze",520,ryze,,"uncle","July 4, 2010"
"All-Star Akali",975,akali,Legacy,"all-star","June 28, 2010"
"Red Card Katarina",975,katarina,Legacy,"red-card","June 28, 2010"
"Caterpillar Kog'Maw",520,kogmaw,Legacy,"caterpillar","June 24, 2010"
"Sonoran Kog'Maw",520,kogmaw,Legacy,"sonoran","June 24, 2010"
"French Maid Nidalee",520,nidalee,,"french-maid","June 24, 2010"
"Goalkeeper Blitzcrank",520,blitzcrank,Legacy,"goalkeeper","June 22, 2010"
"Striker Ezreal",520,ezreal,Legacy,"striker","June 22, 2010"
"Angler Jax",975,jax,Legacy,"angler","June 8, 2010"
"Forsaken Olaf",520,olaf,,"forsaken","June 8, 2010"
"Glacial Olaf",520,olaf,Legacy,"glacial","June 8, 2010"
"Mad Hatter Shaco",520,shaco,,"mad-hatter","June 8, 2010"
"Spectacular Sivir",975,sivir,Legacy,"spectacular","June 8, 2010"
"Chosen Master Yi",520,master-yi,,"chosen","June 4, 2010"
"Dryad Soraka",520,soraka,,"dryad","June 4, 2010"
"Firefighter Tristana",1820,tristana,Legacy,"firefighter","June 4, 2010"
"Viridian Kayle",520,kayle,,"viridian","June 1, 2010"
"Shadow Prince Malzahar",520,malzahar,,"shadow-prince","June 1, 2010"
"Vizier Malzahar",520,malzahar,Legacy,"vizier","June 1, 2010"
"Exiled Morgana",975,morgana,Legacy,"exiled","June 1, 2010"
"Hextech Sion",520,sion,Legacy,"hextech","June 1, 2010"
"Masquerade Evelynn",520,evelynn,Legacy,"masquerade","May 18, 2010"
"Chrome Rammus",750,rammus,,"chrome","May 18, 2010"
"The Magnificent Twisted Fate",1820,twisted-fate,Legacy,"the-magnificent","May 18, 2010"
"Infernal Akali",520,akali,Legacy,"infernal","May 11, 2010"
"Stinger Akali",520,akali,Legacy,"stinger","May 11, 2010"
"Matador Alistar",975,alistar,Legacy,"matador","May 11, 2010"
"Gentleman Cho'Gath",1820,chogath,Legendary,"gentleman","May 11, 2010"
"Scuba Gragas",975,gragas,Legacy,"scuba","May 4, 2010"
"Bird of Prey Anivia",520,anivia,,"bird-of-prey","May 3, 2010"
"Red Riding Annie",520,annie,Legacy,"red-riding","April 27, 2010"
"Sanguine Garen",520,garen,,"sanguine","April 27, 2010"
"Desert Trooper Garen",520,garen,Legacy,"desert-trooper","April 27, 2010"
"Warrior Princess Sivir",520,sivir,,"warrior-princess","April 27, 2010"
"Big Bad Warwick",520,warwick,Legacy,"big-bad","April 27, 2010"
"Sherwood Forest Ashe",520,ashe,,"sherwood-forest","April 8, 2010"
"Deadly Kennen",520,kennen,Legacy,"deadly","April 8, 2010"
"Swamp Master Kennen",520,kennen,Legacy,"swamp-master","April 8, 2010"
"Ruthless Pantheon",520,pantheon,Legacy,"ruthless","April 8, 2010"
"Armor of the Fifth Age Taric",750,taric,,"armor-of-the-fifth-age","April 8, 2010"
"Urf the Manatee Warwick",500,warwick,Special Events,"urf-the-manatee","April 1, 2010"
"Red Baron Corki",1820,corki,Legacy,"red-baron","March 24, 2010"
"Mr. Mundoverse",520,dr-mundo,Legacy,"mr-mundoverse","March 24, 2010"
"Yellow Jacket Shen",520,shen,Legacy,"yellow-jacket","March 24, 2010"
"Frozen Shen",520,shen,Legacy,"frozen","March 24, 2010"
"Nottingham Ezreal",520,ezreal,Legacy,"nottingham","March 16, 2010"
"Spectral Fiddlesticks",520,fiddlesticks,,"spectral","March 16, 2010"
"Spooky Gangplank",520,gangplank,,"spooky","March 16, 2010"
"Shamrock Malphite",520,malphite,Legacy,"shamrock","March 16, 2010"
"Highland Tryndamere",520,tryndamere,Legacy,"highland","March 16, 2010"
"Vandal Jax",520,jax,Legacy,"vandal","February 24, 2010"
"Dragon Knight Mordekaiser",520,mordekaiser,Legacy,"dragon-knight","February 24, 2010"
"Infernal Mordekaiser",520,mordekaiser,,"infernal","February 24, 2010"
"Leopard Nidalee",520,nidalee,Legacy,"leopard","February 24, 2010"
"Vancouver Amumu",520,amumu,Legacy,"vancouver","February 12, 2010"
"Team Spirit Anivia",520,anivia,Legacy,"team-spirit","February 12, 2010"
"Ice Toboggan Corki",1820,corki,Legacy,"ice-toboggan","February 12, 2010"
"Union Jack Fiddlesticks",520,fiddlesticks,Legacy,"union-jack","February 12, 2010"
"The Mighty Jax",520,jax,Legacy,"the-mighty","February 12, 2010"
"Festival Kassadin",520,kassadin,Legacy,"festival","February 12, 2010"
"Whistler Village Twitch",520,twitch,Legacy,"whistler-village","February 12, 2010"
"Curling Veigar",520,veigar,Legacy,"curling","February 12, 2010"
"Jack of Hearts Twisted Fate",520,twisted-fate,,"jack-of-hearts","February 10, 2010"
"Pharaoh Amumu",520,amumu,Legacy,"pharaoh","February 2, 2010"
"Myrmidon Pantheon",520,pantheon,,"myrmidon","February 2, 2010"
"Noxus Poppy",520,poppy,Legacy,"noxus","February 2, 2010"
"Golden Alistar",390,alistar,,"golden","January 13, 2010"
"Phantom Karthus",460,karthus,Legacy,"phantom","January 13, 2010"
"Badger Teemo",520,teemo,Legacy,"badger","January 13, 2010"
"UFO Corki",,corki,Limited Edition,"ufo","January 1, 2010"
"Earnest Elf Tristana",520,tristana,Special Events,"earnest-elf","December 31, 2009"
"Old Saint Zilean",520,zilean,Special Events,"old-saint","December 23, 2009"
"Toxic Dr. Mundo",520,dr-mundo,Legacy,"toxic","December 17, 2009"
"Assassin Master Yi",390,master-yi,,"assassin","December 17, 2009"
"Recon Teemo",520,teemo,Legacy,"recon","December 17, 2009"
"White Mage Veigar",390,veigar,,"white-mage","December 17, 2009"
"Snow Bunny Nidalee",520,nidalee,Special Events,"snow-bunny","December 16, 2009"
"Workshop Nunu & Willump",520,nunu-amp-willump,Special Events,"workshop","December 16, 2009"
"Happy Elf Teemo",520,teemo,Special Events,"happy-elf","December 16, 2009"
"Riot Girl Tristana",,tristana,,"riot-girl","December 15, 2009"
"Grey Warwick",,warwick,Limited Edition,"grey","December 15, 2009"
"Freljord Ashe",520,ashe,Legacy,"freljord","November 20, 2009"
"Rusty Blitzcrank",520,blitzcrank,Limited Edition,"rusty","November 20, 2009"
"Nightmare Cho'Gath",520,chogath,Legacy,"nightmare","November 20, 2009"
"Shadow Evelynn",520,evelynn,,"shadow","November 20, 2009"
"Mercenary Katarina",520,katarina,,"mercenary","November 20, 2009"
"Sasquatch Nunu & Willump",520,nunu-amp-willump,Legacy,"sasquatch","November 20, 2009"
"Emerald Taric",520,taric,Legacy,"emerald","November 20, 2009"
"Kingpin Twitch",520,twitch,Legacy,"kingpin","November 20, 2009"
"Goth Annie",,annie,Collector's Edition,"goth","October 27, 2009"
"Silver Kayle",,kayle,Collector's Edition,"silver","October 27, 2009"
"King Rammus",,rammus,Limited Edition,"king","October 21, 2009"
"PAX Twisted Fate",,twisted-fate,Special Events,"pax","September 4, 2009"
"Black Alistar",,alistar,Collector's Edition,"black","July 14, 2009"
"Young Ryze",,ryze,Collector's Edition,"young","July 14, 2009"
"Pentakill Kayle",1350,kayle,,"pentakill",
"Victorious Orianna",,orianna,Special Events,"victorious",
"Blood Moon Aatrox Prestige Edition",,aatrox,Limited Edition,"blood-moon-prestige-edition",
"Dunkmaster Ivern",1350,ivern,,"dunkmaster",
"Hextech Jarvan IV",,jarvan-iv,Hextech Crafting,"hextech",
